qid,doc_id
q_025ed27ba2,d_61e313b506
q_025ed27ba2,d_48b105390f
q_025ed27ba2,d_d235ca1c7e
q_025ed27ba2,d_21e0ba1f08
q_025ed27ba2,d_a3ea97ebfc
q_0288552f11,d_b2f62b4d48
q_0288552f11,d_c965cc1c03
q_0288552f11,d_61586847b7
q_0288552f11,d_aee4be7cac
q_0288552f11,d_0e189b18aa
q_0347af23fe,d_089dba84fa
q_0347af23fe,d_eb1e8c0b16
q_0347af23fe,d_ec6dba6435
q_0347af23fe,d_c054bdf5f6
q_0347af23fe,d_327a0b5456
q_034c2e8f47,d_e96752e1fe
q_034c2e8f47,d_0216234592
q_034c2e8f47,d_8a5468809e
q_034c2e8f47,d_8fbf57d7ce
q_034c2e8f47,d_615ceb0fcb
q_03be441477,d_61e313b506
q_03be441477,d_d235ca1c7e
q_03be441477,d_48b105390f
q_03be441477,d_04ba7f2e18
q_03be441477,d_c43cad7282
q_03faf12b40,d_0216234592
q_03faf12b40,d_7a75d1b6d8
q_03faf12b40,d_c75488320c
q_03faf12b40,d_f8787907b3
q_03faf12b40,d_996ee224b9
q_05edc68628,d_089dba84fa
q_05edc68628,d_eb1e8c0b16
q_05edc68628,d_938c334349
q_05edc68628,d_8011607423
q_05edc68628,d_da27422935
q_066ebd54a6,d_4e8802e636
q_066ebd54a6,d_66ca9ede7e
q_066ebd54a6,d_f8b2945e8d
q_066ebd54a6,d_0a9646b4c2
q_066ebd54a6,d_dd87e5ff2d
q_06cbcfcde5,d_289c761157
q_06cbcfcde5,d_fe79ac9d04
q_06cbcfcde5,d_e84594b7e4
q_06cbcfcde5,d_0a9646b4c2
q_06cbcfcde5,d_6c4d07449c
q_078fa1d1a0,d_4d31bd4af0
q_078fa1d1a0,d_2fd632e362
q_078fa1d1a0,d_182cd61ac0
q_078fa1d1a0,d_4e77c29dc6
q_078fa1d1a0,d_e5a8c96f07
q_087fa5c68f,d_f8787907b3
q_087fa5c68f,d_de01daec14
q_087fa5c68f,d_2eea1a7eec
q_087fa5c68f,d_f786a55c3e
q_087fa5c68f,d_1cce586885
q_08d282ae8a,d_2a93df0cd3
q_08d282ae8a,d_a1369d3009
q_08d282ae8a,d_68644240fa
q_08d282ae8a,d_2f76a499e0
q_08d282ae8a,d_84772ae936
q_0ae91fb16f,d_cc4fd16867
q_0ae91fb16f,d_6c8b749b65
q_0ae91fb16f,d_30bcc6c53e
q_0ae91fb16f,d_0e189b18aa
q_0ae91fb16f,d_1f74238452
q_0b29ad1bb2,d_826ecc95c6
q_0b29ad1bb2,d_08821d81f8
q_0b29ad1bb2,d_bcd63a691f
q_0b29ad1bb2,d_a2997714e2
q_0b29ad1bb2,d_eb1e8c0b16
q_0bf106d6fa,d_f9572383d4
q_0bf106d6fa,d_ff78d23d5d
q_0bf106d6fa,d_2d7a6ab2bc
q_0bf106d6fa,d_6b1d2d1545
q_0bf106d6fa,d_f7409819ca
q_0cb2bd3aae,d_2d7a6ab2bc
q_0cb2bd3aae,d_2d7e346926
q_0cb2bd3aae,d_d024166acd
q_0cb2bd3aae,d_842005b9c5
q_0cb2bd3aae,d_c3f616e87e
q_0cee3fd79f,d_3d8e1ad86f
q_0cee3fd79f,d_ce94f32ecd
q_0cee3fd79f,d_2d7e346926
q_0cee3fd79f,d_f5d1f4d96b
q_0cee3fd79f,d_9697d8c629
q_0d182dc898,d_4e77c29dc6
q_0d182dc898,d_61e313b506
q_0d182dc898,d_48b105390f
q_0d182dc898,d_d235ca1c7e
q_0d182dc898,d_4a9981e720
q_0d5ce67953,d_7a75d1b6d8
q_0d5ce67953,d_e28efd1153
q_0d5ce67953,d_2a93df0cd3
q_0d5ce67953,d_4754c12753
q_0d5ce67953,d_ff78d23d5d
q_0d82c01428,d_5e801f8663
q_0d82c01428,d_8b90552773
q_0d82c01428,d_80dfac9545
q_0d82c01428,d_dec756449e
q_0d82c01428,d_87849c8689
q_0dcf742359,d_2fd632e362
q_0dcf742359,d_e5a8c96f07
q_0dcf742359,d_182cd61ac0
q_0dcf742359,d_24d4075c2d
q_0dcf742359,d_f8787907b3
q_0dde17b893,d_dec756449e
q_0dde17b893,d_164ac15d17
q_0dde17b893,d_fba8d61ef9
q_0dde17b893,d_2696b56a1c
q_0dde17b893,d_721df03545
q_0df30eede4,d_cc4fd16867
q_0df30eede4,d_6c8b749b65
q_0df30eede4,d_68644240fa
q_0df30eede4,d_a9a59816ed
q_0df30eede4,d_addeb51081
q_0e76614022,d_eb1e8c0b16
q_0e76614022,d_089dba84fa
q_0e76614022,d_2a93df0cd3
q_0e76614022,d_956682cc66
q_0e76614022,d_42a2521124
q_0f12d27e0e,d_e96752e1fe
q_0f12d27e0e,d_61c2d77c65
q_0f12d27e0e,d_d85afb9609
q_0f12d27e0e,d_8fbf57d7ce
q_0f12d27e0e,d_8a5468809e
q_1076881f91,d_3d8e1ad86f
q_1076881f91,d_ce94f32ecd
q_1076881f91,d_2d7e346926
q_1076881f91,d_f5d1f4d96b
q_1076881f91,d_9697d8c629
q_10b66f5565,d_721df03545
q_10b66f5565,d_fc984e20de
q_10b66f5565,d_f8b2945e8d
q_10b66f5565,d_915e9c379c
q_10b66f5565,d_7e1a3c53df
q_114e77e231,d_6271360f48
q_114e77e231,d_46e687baa4
q_114e77e231,d_f04703dac6
q_114e77e231,d_38f04ea58d
q_114e77e231,d_975b84fe77
q_11a1ad442c,d_b2f62b4d48
q_11a1ad442c,d_c965cc1c03
q_11a1ad442c,d_61586847b7
q_11a1ad442c,d_177212b4b9
q_11a1ad442c,d_168537aacb
q_11cec78e04,d_9697d8c629
q_11cec78e04,d_3b12d1fbd6
q_11cec78e04,d_4d31bd4af0
q_11cec78e04,d_aee4be7cac
q_11cec78e04,d_61e313b506
q_1247d7e4e6,d_67a9ff3a20
q_1247d7e4e6,d_f8787907b3
q_1247d7e4e6,d_c6069f8aaf
q_1247d7e4e6,d_de01daec14
q_1247d7e4e6,d_f5245eda62
q_12de5a0e38,d_dec756449e
q_12de5a0e38,d_7ca81d60bb
q_12de5a0e38,d_7e1a3c53df
q_12de5a0e38,d_80dfac9545
q_12de5a0e38,d_68874c6ad6
q_13bd635313,d_48b105390f
q_13bd635313,d_61e313b506
q_13bd635313,d_d235ca1c7e
q_13bd635313,d_2d7a6ab2bc
q_13bd635313,d_d024166acd
q_15648dae59,d_7ca81d60bb
q_15648dae59,d_e5a8c96f07
q_15648dae59,d_40fbbf0fca
q_15648dae59,d_af7e1ac3a5
q_15648dae59,d_2fd632e362
q_160052b11e,d_089dba84fa
q_160052b11e,d_eb1e8c0b16
q_160052b11e,d_ec6dba6435
q_160052b11e,d_c054bdf5f6
q_160052b11e,d_8011607423
q_1714986a62,d_4e8802e636
q_1714986a62,d_66ca9ede7e
q_1714986a62,d_96ddd2839e
q_1714986a62,d_c8c660f62c
q_1714986a62,d_b5fe279406
q_17190c5f7e,d_c965cc1c03
q_17190c5f7e,d_b2f62b4d48
q_17190c5f7e,d_ede31c25ba
q_17190c5f7e,d_61586847b7
q_17190c5f7e,d_aee4be7cac
q_173759a977,d_48b105390f
q_173759a977,d_61e313b506
q_173759a977,d_b5693161c2
q_173759a977,d_2eea1a7eec
q_173759a977,d_82491d29e0
q_17c1812428,d_6090bc3aeb
q_17c1812428,d_f04703dac6
q_17c1812428,d_38f04ea58d
q_17c1812428,d_46e687baa4
q_17c1812428,d_04962ca9ed
q_1816b6be07,d_a6ac27c3d3
q_1816b6be07,d_b046507ab6
q_1816b6be07,d_416995fc53
q_1816b6be07,d_98e4903f86
q_1816b6be07,d_327a0b5456
q_186d3671f0,d_8a31ccfb94
q_186d3671f0,d_2fd632e362
q_186d3671f0,d_6c4d07449c
q_186d3671f0,d_70e37b97b5
q_186d3671f0,d_e5a8c96f07
q_198c1095e2,d_b2f62b4d48
q_198c1095e2,d_c965cc1c03
q_198c1095e2,d_61586847b7
q_198c1095e2,d_aee4be7cac
q_198c1095e2,d_ede31c25ba
q_19cabbfbec,d_721df03545
q_19cabbfbec,d_dd87e5ff2d
q_19cabbfbec,d_68874c6ad6
q_19cabbfbec,d_40fbbf0fca
q_19cabbfbec,d_f8b2945e8d
q_1a2c09b86b,d_f687b4ecee
q_1a2c09b86b,d_6271360f48
q_1a2c09b86b,d_38f04ea58d
q_1a2c09b86b,d_f04703dac6
q_1a2c09b86b,d_46e687baa4
q_1a6c7077cb,d_fb0f7e9797
q_1a6c7077cb,d_647812641b
q_1a6c7077cb,d_48b105390f
q_1a6c7077cb,d_6c8b749b65
q_1a6c7077cb,d_31ef7f91a8
q_1a760b40d2,d_6090bc3aeb
q_1a760b40d2,d_ca79b1b741
q_1a760b40d2,d_435d80eff0
q_1a760b40d2,d_f8787907b3
q_1a760b40d2,d_fac20a2a71
q_1b6772abdc,d_61e313b506
q_1b6772abdc,d_40fbbf0fca
q_1b6772abdc,d_d235ca1c7e
q_1b6772abdc,d_68874c6ad6
q_1b6772abdc,d_48b105390f
q_1c15b70ec7,d_d0b30d09b3
q_1c15b70ec7,d_864ea6a455
q_1c15b70ec7,d_609e75c97a
q_1c15b70ec7,d_48b105390f
q_1c15b70ec7,d_c8ea5907a4
q_1c3d2bac8c,d_3d8e1ad86f
q_1c3d2bac8c,d_ce94f32ecd
q_1c3d2bac8c,d_2d7e346926
q_1c3d2bac8c,d_48b105390f
q_1c3d2bac8c,d_9697d8c629
q_1c5ddf3895,d_48b105390f
q_1c5ddf3895,d_61e313b506
q_1c5ddf3895,d_c00e1cfce8
q_1c5ddf3895,d_3837ffb996
q_1c5ddf3895,d_1a55e7aa62
q_1ee7b9a876,d_30bcc6c53e
q_1ee7b9a876,d_67a9ff3a20
q_1ee7b9a876,d_c10a29351e
q_1ee7b9a876,d_f8787907b3
q_1ee7b9a876,d_7f3cc579a7
q_209985e8e1,d_f8b2945e8d
q_209985e8e1,d_66ca9ede7e
q_209985e8e1,d_a2396e3241
q_209985e8e1,d_03f530b40a
q_209985e8e1,d_c75488320c
q_20ee51e9ac,d_531c852674
q_20ee51e9ac,d_04ba7f2e18
q_20ee51e9ac,d_c43cad7282
q_20ee51e9ac,d_6c4d07449c
q_20ee51e9ac,d_dd8bca0bb0
q_22e564a26d,d_8fbf57d7ce
q_22e564a26d,d_8a5468809e
q_22e564a26d,d_c08928b4cc
q_22e564a26d,d_d85afb9609
q_22e564a26d,d_615ceb0fcb
q_236a4cda67,d_b25f50310e
q_236a4cda67,d_b281031c8e
q_236a4cda67,d_b9c02c51e7
q_236a4cda67,d_34971d5c95
q_236a4cda67,d_104c8f7c08
q_23ad0d9fc8,d_fd6cde9283
q_23ad0d9fc8,d_c054bdf5f6
q_23ad0d9fc8,d_ec6dba6435
q_23ad0d9fc8,d_c75488320c
q_23ad0d9fc8,d_4cccebd8e7
q_24adb29200,d_0216234592
q_24adb29200,d_f8787907b3
q_24adb29200,d_249072edf1
q_24adb29200,d_de01daec14
q_24adb29200,d_7a75d1b6d8
q_2506cd385e,d_d235ca1c7e
q_2506cd385e,d_61e313b506
q_2506cd385e,d_48b105390f
q_2506cd385e,d_531c852674
q_2506cd385e,d_a9a59816ed
q_251740d870,d_6c22be023d
q_251740d870,d_ba5ca18f99
q_251740d870,d_6c8b749b65
q_251740d870,d_6d053161ab
q_251740d870,d_e418fd6561
q_25b8a7a444,d_4e77c29dc6
q_25b8a7a444,d_48b105390f
q_25b8a7a444,d_b25f50310e
q_25b8a7a444,d_4a9981e720
q_25b8a7a444,d_a9a59816ed
q_25fd73f4ec,d_f04703dac6
q_25fd73f4ec,d_38f04ea58d
q_25fd73f4ec,d_46e687baa4
q_25fd73f4ec,d_f687b4ecee
q_25fd73f4ec,d_9b6fe03c73
q_262118b063,d_f8787907b3
q_262118b063,d_f5245eda62
q_262118b063,d_66ca9ede7e
q_262118b063,d_31ef7f91a8
q_262118b063,d_4e8802e636
q_269749e941,d_dd87e5ff2d
q_269749e941,d_2696b56a1c
q_269749e941,d_2d7e346926
q_269749e941,d_f5d1f4d96b
q_269749e941,d_9697d8c629
q_2800ddd9fe,d_1227f2b2e3
q_2800ddd9fe,d_9425574d98
q_2800ddd9fe,d_3be090e466
q_2800ddd9fe,d_f21aac3c25
q_2800ddd9fe,d_95aede4009
q_292a6cfd59,d_8a5468809e
q_292a6cfd59,d_cc4fd16867
q_292a6cfd59,d_dd8bca0bb0
q_292a6cfd59,d_b76ccca21d
q_292a6cfd59,d_3cef1cda58
q_2930c90f77,d_d85afb9609
q_2930c90f77,d_61c2d77c65
q_2930c90f77,d_e96752e1fe
q_2930c90f77,d_8fbf57d7ce
q_2930c90f77,d_8a5468809e
q_2986de26fe,d_eb1e8c0b16
q_2986de26fe,d_089dba84fa
q_2986de26fe,d_33ce0ffb08
q_2986de26fe,d_6006afbea6
q_2986de26fe,d_f772ca5623
q_29e278a340,d_33ce0ffb08
q_29e278a340,d_6006afbea6
q_29e278a340,d_f772ca5623
q_29e278a340,d_1ea8b2c3d2
q_29e278a340,d_d947861baf
q_29fb5c7188,d_3aab1988d6
q_29fb5c7188,d_9caf3c9b29
q_29fb5c7188,d_affa8833c9
q_29fb5c7188,d_942d68689e
q_29fb5c7188,d_056bec6bff
q_2bbc27c84b,d_addeb51081
q_2bbc27c84b,d_61e313b506
q_2bbc27c84b,d_48b105390f
q_2bbc27c84b,d_de01daec14
q_2bbc27c84b,d_93f6096945
q_2e635ab8da,d_186e5cca09
q_2e635ab8da,d_938c334349
q_2e635ab8da,d_8011607423
q_2e635ab8da,d_b29bd3c757
q_2e635ab8da,d_098f341e47
q_2e6f881b66,d_721df03545
q_2e6f881b66,d_dd87e5ff2d
q_2e6f881b66,d_40fbbf0fca
q_2e6f881b66,d_68874c6ad6
q_2e6f881b66,d_2696b56a1c
q_2e74c773a0,d_40fbbf0fca
q_2e74c773a0,d_68874c6ad6
q_2e74c773a0,d_8b90552773
q_2e74c773a0,d_dec756449e
q_2e74c773a0,d_7ca81d60bb
q_2ee1b0df1c,d_8fbf57d7ce
q_2ee1b0df1c,d_c08928b4cc
q_2ee1b0df1c,d_d85afb9609
q_2ee1b0df1c,d_c7a07af3d0
q_2ee1b0df1c,d_615ceb0fcb
q_300cf43c72,d_531c852674
q_300cf43c72,d_c43cad7282
q_300cf43c72,d_74af7b613e
q_300cf43c72,d_874e7445b2
q_300cf43c72,d_3b103df4b8
q_302f62e0e1,d_fe79ac9d04
q_302f62e0e1,d_289c761157
q_302f62e0e1,d_e84594b7e4
q_302f62e0e1,d_531c852674
q_302f62e0e1,d_46e687baa4
q_311c05d8ee,d_3d8e1ad86f
q_311c05d8ee,d_61e313b506
q_311c05d8ee,d_d235ca1c7e
q_311c05d8ee,d_48b105390f
q_311c05d8ee,d_40fbbf0fca
q_314222c925,d_2eea1a7eec
q_314222c925,d_6c8b749b65
q_314222c925,d_31ef7f91a8
q_314222c925,d_fb0f7e9797
q_314222c925,d_d68f4ab7ea
q_31aac1cbee,d_a3ea97ebfc
q_31aac1cbee,d_a9a59816ed
q_31aac1cbee,d_ca79b1b741
q_31aac1cbee,d_4d31bd4af0
q_31aac1cbee,d_4e77c29dc6
q_3273b27903,d_61e313b506
q_3273b27903,d_48b105390f
q_3273b27903,d_d235ca1c7e
q_3273b27903,d_40fbbf0fca
q_3273b27903,d_68874c6ad6
q_33ef441f19,d_6090bc3aeb
q_33ef441f19,d_cc4fd16867
q_33ef441f19,d_04ba7f2e18
q_33ef441f19,d_4d31bd4af0
q_33ef441f19,d_6c4d07449c
q_34740c1779,d_b2f62b4d48
q_34740c1779,d_61586847b7
q_34740c1779,d_c965cc1c03
q_34740c1779,d_aee4be7cac
q_34740c1779,d_ede31c25ba
q_3565c64453,d_61e313b506
q_3565c64453,d_48b105390f
q_3565c64453,d_d235ca1c7e
q_3565c64453,d_40fbbf0fca
q_3565c64453,d_68874c6ad6
q_365507011a,d_40fbbf0fca
q_365507011a,d_68874c6ad6
q_365507011a,d_7ca81d60bb
q_365507011a,d_8b90552773
q_365507011a,d_af7e1ac3a5
q_3719bfd16f,d_8a4c11ed74
q_3719bfd16f,d_48b105390f
q_3719bfd16f,d_68644240fa
q_3719bfd16f,d_42a2521124
q_3719bfd16f,d_61e313b506
q_39e62e770c,d_b2f62b4d48
q_39e62e770c,d_c965cc1c03
q_39e62e770c,d_61586847b7
q_39e62e770c,d_aee4be7cac
q_39e62e770c,d_ede31c25ba
q_39e6fe2b6b,d_40fbbf0fca
q_39e6fe2b6b,d_68874c6ad6
q_39e6fe2b6b,d_61e313b506
q_39e6fe2b6b,d_7ca81d60bb
q_39e6fe2b6b,d_d235ca1c7e
q_39f8ebaa7c,d_4e8802e636
q_39f8ebaa7c,d_66ca9ede7e
q_39f8ebaa7c,d_61e313b506
q_39f8ebaa7c,d_48b105390f
q_39f8ebaa7c,d_d235ca1c7e
q_3a7f950d91,d_80dfac9545
q_3a7f950d91,d_7e1a3c53df
q_3a7f950d91,d_7ca81d60bb
q_3a7f950d91,d_68874c6ad6
q_3a7f950d91,d_dd87e5ff2d
q_3a8c24dde2,d_e96752e1fe
q_3a8c24dde2,d_8a5468809e
q_3a8c24dde2,d_d85afb9609
q_3a8c24dde2,d_998d99a4b7
q_3a8c24dde2,d_8fbf57d7ce
q_3c1b171aaf,d_ca79b1b741
q_3c1b171aaf,d_f8787907b3
q_3c1b171aaf,d_08a83ffb98
q_3c1b171aaf,d_2492468540
q_3c1b171aaf,d_70e37b97b5
q_3ca3a327a1,d_21e0ba1f08
q_3ca3a327a1,d_04ba7f2e18
q_3ca3a327a1,d_609e75c97a
q_3ca3a327a1,d_b33fcee2c6
q_3ca3a327a1,d_4a9981e720
q_3cbf12b258,d_2d7a6ab2bc
q_3cbf12b258,d_2eea1a7eec
q_3cbf12b258,d_6c4d07449c
q_3cbf12b258,d_a3ea97ebfc
q_3cbf12b258,d_0e189b18aa
q_3dbbecaa18,d_b2f62b4d48
q_3dbbecaa18,d_c965cc1c03
q_3dbbecaa18,d_61586847b7
q_3dbbecaa18,d_aee4be7cac
q_3dbbecaa18,d_ede31c25ba
q_3e680f9829,d_2eea1a7eec
q_3e680f9829,d_48b105390f
q_3e680f9829,d_61e313b506
q_3e680f9829,d_a39559a85e
q_3e680f9829,d_d235ca1c7e
q_400ea36015,d_61e313b506
q_400ea36015,d_d235ca1c7e
q_400ea36015,d_48b105390f
q_400ea36015,d_ff78d23d5d
q_400ea36015,d_f9572383d4
q_403f54a7ca,d_2d7e346926
q_403f54a7ca,d_31ef7f91a8
q_403f54a7ca,d_de01daec14
q_403f54a7ca,d_6c8b749b65
q_403f54a7ca,d_647812641b
q_4044c42021,d_33ce0ffb08
q_4044c42021,d_6006afbea6
q_4044c42021,d_f772ca5623
q_4044c42021,d_1ea8b2c3d2
q_4044c42021,d_d947861baf
q_40ea68b6ed,d_9697d8c629
q_40ea68b6ed,d_083198d02d
q_40ea68b6ed,d_27974a67a7
q_40ea68b6ed,d_1cce586885
q_40ea68b6ed,d_93f6096945
q_41cebe5bde,d_58f5048e9c
q_41cebe5bde,d_2f76a499e0
q_41cebe5bde,d_84772ae936
q_41cebe5bde,d_3aab1988d6
q_41cebe5bde,d_3d2e6d4fc4
q_428df6ea3d,d_3837ffb996
q_428df6ea3d,d_6c4d07449c
q_428df6ea3d,d_70e37b97b5
q_428df6ea3d,d_2d7e346926
q_428df6ea3d,d_3429a1a6eb
q_43570439a0,d_531c852674
q_43570439a0,d_4a9981e720
q_43570439a0,d_dd8bca0bb0
q_43570439a0,d_61e313b506
q_43570439a0,d_84772ae936
q_45509ce6a1,d_6c8b749b65
q_45509ce6a1,d_de01daec14
q_45509ce6a1,d_38f04ea58d
q_45509ce6a1,d_f04703dac6
q_45509ce6a1,d_46e687baa4
q_45b6f36f87,d_6c8b749b65
q_45b6f36f87,d_647812641b
q_45b6f36f87,d_b5693161c2
q_45b6f36f87,d_cc4fd16867
q_45b6f36f87,d_1f74238452
q_463426eeb0,d_d9c0d381c2
q_463426eeb0,d_38f04ea58d
q_463426eeb0,d_46e687baa4
q_463426eeb0,d_f04703dac6
q_463426eeb0,d_59010427c0
q_4665ccaf63,d_c43cad7282
q_4665ccaf63,d_de01daec14
q_4665ccaf63,d_addeb51081
q_4665ccaf63,d_2fd632e362
q_4665ccaf63,d_93f6096945
q_46fc2a1fbf,d_1c767b4ea9
q_46fc2a1fbf,d_354952eec4
q_46fc2a1fbf,d_1bb696c3c5
q_46fc2a1fbf,d_031bb856af
q_46fc2a1fbf,d_9ee4552dd2
q_470d839b96,d_f8b2945e8d
q_470d839b96,d_80dfac9545
q_470d839b96,d_a1369d3009
q_470d839b96,d_7e1a3c53df
q_470d839b96,d_dd87e5ff2d
q_47120080c9,d_8c0aaf2600
q_47120080c9,d_439bec7aae
q_47120080c9,d_33ce0ffb08
q_47120080c9,d_6006afbea6
q_47120080c9,d_f772ca5623
q_47336eef18,d_b2f62b4d48
q_47336eef18,d_c965cc1c03
q_47336eef18,d_61586847b7
q_47336eef18,d_aee4be7cac
q_47336eef18,d_ede31c25ba
q_48aa62669d,d_8a5468809e
q_48aa62669d,d_7a75d1b6d8
q_48aa62669d,d_e96752e1fe
q_48aa62669d,d_d85afb9609
q_48aa62669d,d_c08928b4cc
q_492bba1a83,d_48b105390f
q_492bba1a83,d_61e313b506
q_492bba1a83,d_d235ca1c7e
q_492bba1a83,d_cc4fd16867
q_492bba1a83,d_addeb51081
q_49e43de410,d_089dba84fa
q_49e43de410,d_eb1e8c0b16
q_49e43de410,d_ec6dba6435
q_49e43de410,d_c054bdf5f6
q_49e43de410,d_531c852674
q_4a0a988c55,d_52877a9590
q_4a0a988c55,d_915e9c379c
q_4a0a988c55,d_fc984e20de
q_4a0a988c55,d_8b90552773
q_4a0a988c55,d_9b6fe03c73
q_4ab777f507,d_531c852674
q_4ab777f507,d_67a9ff3a20
q_4ab777f507,d_f8787907b3
q_4ab777f507,d_de01daec14
q_4ab777f507,d_addeb51081
q_4cba0b1561,d_2eea1a7eec
q_4cba0b1561,d_6c8b749b65
q_4cba0b1561,d_fb0f7e9797
q_4cba0b1561,d_a39559a85e
q_4cba0b1561,d_d68f4ab7ea
q_4d37fd5723,d_531c852674
q_4d37fd5723,d_b25f50310e
q_4d37fd5723,d_f8787907b3
q_4d37fd5723,d_a9a59816ed
q_4d37fd5723,d_04ba7f2e18
q_4d4830826e,d_721df03545
q_4d4830826e,d_fba8d61ef9
q_4d4830826e,d_164ac15d17
q_4d4830826e,d_dd87e5ff2d
q_4d4830826e,d_dec756449e
q_4d73fca660,d_66ca9ede7e
q_4d73fca660,d_4e8802e636
q_4d73fca660,d_c75488320c
q_4d73fca660,d_844c0d0725
q_4d73fca660,d_f5d1f4d96b
q_4e90ebf502,d_db03af4f7c
q_4e90ebf502,d_c83197c684
q_4e90ebf502,d_bcebd4e1c5
q_4e90ebf502,d_a6ac27c3d3
q_4e90ebf502,d_b046507ab6
q_4ed581103d,d_2fd632e362
q_4ed581103d,d_e5a8c96f07
q_4ed581103d,d_182cd61ac0
q_4ed581103d,d_a3ea97ebfc
q_4ed581103d,d_24d4075c2d
q_4f4067a9a3,d_874e7445b2
q_4f4067a9a3,d_74af7b613e
q_4f4067a9a3,d_3b103df4b8
q_4f4067a9a3,d_2827d40fb0
q_4f4067a9a3,d_2c14115663
q_5024102ee0,d_a9a59816ed
q_5024102ee0,d_b25f50310e
q_5024102ee0,d_2eea1a7eec
q_5024102ee0,d_48b105390f
q_5024102ee0,d_f8787907b3
q_504a172e9f,d_30bcc6c53e
q_504a172e9f,d_2492468540
q_504a172e9f,d_6c8b749b65
q_504a172e9f,d_6c22be023d
q_504a172e9f,d_c10a29351e
q_5172abce3b,d_de01daec14
q_5172abce3b,d_30bcc6c53e
q_5172abce3b,d_f8787907b3
q_5172abce3b,d_40fbbf0fca
q_5172abce3b,d_2e1da709f9
q_51cd6a6fa3,d_e96752e1fe
q_51cd6a6fa3,d_d85afb9609
q_51cd6a6fa3,d_0216234592
q_51cd6a6fa3,d_61c2d77c65
q_51cd6a6fa3,d_8fbf57d7ce
q_53923fd5a6,d_416995fc53
q_53923fd5a6,d_98e4903f86
q_53923fd5a6,d_87849c8689
q_53923fd5a6,d_a9dbfdbe77
q_53923fd5a6,d_ce94f32ecd
q_541a1a4d97,d_d85afb9609
q_541a1a4d97,d_2696b56a1c
q_541a1a4d97,d_ab8e1aabbb
q_541a1a4d97,d_e96752e1fe
q_541a1a4d97,d_8b90552773
q_549542ec55,d_f8787907b3
q_549542ec55,d_de01daec14
q_549542ec55,d_cc4fd16867
q_549542ec55,d_8b90552773
q_549542ec55,d_30bcc6c53e
q_55e544a16a,d_84772ae936
q_55e544a16a,d_2f76a499e0
q_55e544a16a,d_2a93df0cd3
q_55e544a16a,d_10a96e4ee5
q_55e544a16a,d_f5d1f4d96b
q_55edb62ec7,d_39fd780536
q_55edb62ec7,d_10c30d1a6c
q_55edb62ec7,d_2fd632e362
q_55edb62ec7,d_182cd61ac0
q_55edb62ec7,d_e5a8c96f07
q_55f7725a2c,d_1cce586885
q_55f7725a2c,d_93f6096945
q_55f7725a2c,d_f786a55c3e
q_55f7725a2c,d_e5a8c96f07
q_55f7725a2c,d_de01daec14
q_564b07f4fe,d_cc4fd16867
q_564b07f4fe,d_30bcc6c53e
q_564b07f4fe,d_c10a29351e
q_564b07f4fe,d_6c8b749b65
q_564b07f4fe,d_93f6096945
q_586f5f11e8,d_eb1e8c0b16
q_586f5f11e8,d_089dba84fa
q_586f5f11e8,d_6d053161ab
q_586f5f11e8,d_e418fd6561
q_586f5f11e8,d_ec6dba6435
q_589ca38a8f,d_3d8e1ad86f
q_589ca38a8f,d_ce94f32ecd
q_589ca38a8f,d_2d7e346926
q_589ca38a8f,d_f5d1f4d96b
q_589ca38a8f,d_9697d8c629
q_591ed8b2ab,d_ca79b1b741
q_591ed8b2ab,d_0570687d63
q_591ed8b2ab,d_5583a03c54
q_591ed8b2ab,d_3429a1a6eb
q_591ed8b2ab,d_23aefc8b94
q_5b7d3d1876,d_3aab1988d6
q_5b7d3d1876,d_938c334349
q_5b7d3d1876,d_8011607423
q_5b7d3d1876,d_b29bd3c757
q_5b7d3d1876,d_098f341e47
q_5e290d3845,d_d235ca1c7e
q_5e290d3845,d_61e313b506
q_5e290d3845,d_48b105390f
q_5e290d3845,d_f7409819ca
q_5e290d3845,d_40fbbf0fca
q_607cd54c2a,d_a20a0bcbec
q_607cd54c2a,d_1e00ed8656
q_607cd54c2a,d_f9946fb039
q_607cd54c2a,d_97b3bf26fd
q_607cd54c2a,d_996ee224b9
q_619c4c5097,d_48b105390f
q_619c4c5097,d_61e313b506
q_619c4c5097,d_d235ca1c7e
q_619c4c5097,d_c43cad7282
q_619c4c5097,d_04ba7f2e18
q_61d7d3efa5,d_d235ca1c7e
q_61d7d3efa5,d_61e313b506
q_61d7d3efa5,d_48b105390f
q_61d7d3efa5,d_c43cad7282
q_61d7d3efa5,d_40fbbf0fca
q_63679e1689,d_67a9ff3a20
q_63679e1689,d_30bcc6c53e
q_63679e1689,d_f8787907b3
q_63679e1689,d_31ef7f91a8
q_63679e1689,d_c10a29351e
q_63be7dd95b,d_182cd61ac0
q_63be7dd95b,d_2fd632e362
q_63be7dd95b,d_2eea1a7eec
q_63be7dd95b,d_f8787907b3
q_63be7dd95b,d_e5a8c96f07
q_659bc5f22d,d_48b105390f
q_659bc5f22d,d_fac20a2a71
q_659bc5f22d,d_d68f4ab7ea
q_659bc5f22d,d_c6069f8aaf
q_659bc5f22d,d_61e313b506
q_660c4d7394,d_2cc23d9a19
q_660c4d7394,d_c00e1cfce8
q_660c4d7394,d_3b92c0aa24
q_660c4d7394,d_1a55e7aa62
q_660c4d7394,d_d024166acd
q_6653c053c2,d_b2f62b4d48
q_6653c053c2,d_c965cc1c03
q_6653c053c2,d_61586847b7
q_6653c053c2,d_aee4be7cac
q_6653c053c2,d_ede31c25ba
q_688d5dd4eb,d_531c852674
q_688d5dd4eb,d_b25f50310e
q_688d5dd4eb,d_a9a59816ed
q_688d5dd4eb,d_4a9981e720
q_688d5dd4eb,d_04ba7f2e18
q_68c397b25c,d_2a93df0cd3
q_68c397b25c,d_58f5048e9c
q_68c397b25c,d_84772ae936
q_68c397b25c,d_2f76a499e0
q_68c397b25c,d_42a2521124
q_68f51eb9f2,d_48b105390f
q_68f51eb9f2,d_61e313b506
q_68f51eb9f2,d_d235ca1c7e
q_68f51eb9f2,d_2d7e346926
q_68f51eb9f2,d_2d7a6ab2bc
q_6a4cd25395,d_3aab1988d6
q_6a4cd25395,d_42a2521124
q_6a4cd25395,d_1e525dd61f
q_6a4cd25395,d_6090bc3aeb
q_6a4cd25395,d_874e7445b2
q_6a5ab7b092,d_2eea1a7eec
q_6a5ab7b092,d_de01daec14
q_6a5ab7b092,d_f8787907b3
q_6a5ab7b092,d_aee4be7cac
q_6a5ab7b092,d_b2f62b4d48
q_6aa8df1688,d_61e313b506
q_6aa8df1688,d_d235ca1c7e
q_6aa8df1688,d_48b105390f
q_6aa8df1688,d_531c852674
q_6aa8df1688,d_04ba7f2e18
q_6b592e1721,d_4e8802e636
q_6b592e1721,d_b5fe279406
q_6b592e1721,d_66ca9ede7e
q_6b592e1721,d_f8787907b3
q_6b592e1721,d_30bcc6c53e
q_6b643f044c,d_61e313b506
q_6b643f044c,d_48b105390f
q_6b643f044c,d_6c22be023d
q_6b643f044c,d_6c8b749b65
q_6b643f044c,d_30bcc6c53e
q_6c620cdfcc,d_68644240fa
q_6c620cdfcc,d_a1369d3009
q_6c620cdfcc,d_3aab1988d6
q_6c620cdfcc,d_57e93fc894
q_6c620cdfcc,d_42a2521124
q_6c6aba45fc,d_b2f62b4d48
q_6c6aba45fc,d_c965cc1c03
q_6c6aba45fc,d_aee4be7cac
q_6c6aba45fc,d_61586847b7
q_6c6aba45fc,d_8357734cfe
q_6d2bbeaddc,d_48b105390f
q_6d2bbeaddc,d_61e313b506
q_6d2bbeaddc,d_d235ca1c7e
q_6d2bbeaddc,d_2eea1a7eec
q_6d2bbeaddc,d_0e189b18aa
q_6fe4d51b84,d_52877a9590
q_6fe4d51b84,d_915e9c379c
q_6fe4d51b84,d_fc984e20de
q_6fe4d51b84,d_2e5dd5a64d
q_6fe4d51b84,d_8b90552773
q_6ff730efd6,d_48b105390f
q_6ff730efd6,d_61e313b506
q_6ff730efd6,d_d235ca1c7e
q_6ff730efd6,d_a9a59816ed
q_6ff730efd6,d_4e77c29dc6
q_7106deef4d,d_6c4d07449c
q_7106deef4d,d_3837ffb996
q_7106deef4d,d_6d053161ab
q_7106deef4d,d_e418fd6561
q_7106deef4d,d_a3ea97ebfc
q_741405dd38,d_42a2521124
q_741405dd38,d_6271360f48
q_741405dd38,d_826ecc95c6
q_741405dd38,d_08821d81f8
q_741405dd38,d_bcd63a691f
q_7465db3161,d_0216234592
q_7465db3161,d_615ceb0fcb
q_7465db3161,d_8fbf57d7ce
q_7465db3161,d_61c2d77c65
q_7465db3161,d_e96752e1fe
q_74b8864b3f,d_8c0aaf2600
q_74b8864b3f,d_249072edf1
q_74b8864b3f,d_1f74238452
q_74b8864b3f,d_24d4075c2d
q_74b8864b3f,d_4a9981e720
q_74ccd49bbd,d_7ebe65fe6b
q_74ccd49bbd,d_826ecc95c6
q_74ccd49bbd,d_82920965db
q_74ccd49bbd,d_08821d81f8
q_74ccd49bbd,d_bcd63a691f
q_75309964a5,d_48b105390f
q_75309964a5,d_61e313b506
q_75309964a5,d_4d31bd4af0
q_75309964a5,d_d235ca1c7e
q_75309964a5,d_874e7445b2
q_75436abe28,d_70e37b97b5
q_75436abe28,d_b2f62b4d48
q_75436abe28,d_aee4be7cac
q_75436abe28,d_c965cc1c03
q_75436abe28,d_8357734cfe
q_76151db2ff,d_dd8bca0bb0
q_76151db2ff,d_cc4fd16867
q_76151db2ff,d_3b12d1fbd6
q_76151db2ff,d_a39559a85e
q_76151db2ff,d_6c4d07449c
q_7628f58483,d_48b105390f
q_7628f58483,d_61e313b506
q_7628f58483,d_d235ca1c7e
q_7628f58483,d_a9a59816ed
q_7628f58483,d_1f74238452
q_763f0aa646,d_48b105390f
q_763f0aa646,d_c6069f8aaf
q_763f0aa646,d_f8787907b3
q_763f0aa646,d_de01daec14
q_763f0aa646,d_27974a67a7
q_77aedbf292,d_e5a8c96f07
q_77aedbf292,d_2fd632e362
q_77aedbf292,d_24d4075c2d
q_77aedbf292,d_8c0aaf2600
q_77aedbf292,d_f8b2945e8d
q_7880881c42,d_a3ea97ebfc
q_7880881c42,d_27974a67a7
q_7880881c42,d_8df79c0571
q_7880881c42,d_2e1da709f9
q_7880881c42,d_4a9981e720
q_7af589752e,d_3d2e6d4fc4
q_7af589752e,d_8c0aaf2600
q_7af589752e,d_08a83ffb98
q_7af589752e,d_06f5a6824a
q_7af589752e,d_3efc43e2bf
q_7b1f1cfcc4,d_8a4c11ed74
q_7b1f1cfcc4,d_eef4728b04
q_7b1f1cfcc4,d_67a9ff3a20
q_7b1f1cfcc4,d_bd1d2895ab
q_7b1f1cfcc4,d_6271360f48
q_7e7d65485f,d_66ca9ede7e
q_7e7d65485f,d_4e8802e636
q_7e7d65485f,d_844c0d0725
q_7e7d65485f,d_653d63a4e2
q_7e7d65485f,d_0a9646b4c2
q_7eb1889589,d_609e75c97a
q_7eb1889589,d_b5c5cd5746
q_7eb1889589,d_289c761157
q_7eb1889589,d_e84594b7e4
q_7eb1889589,d_fe79ac9d04
q_80a3c28021,d_b2f62b4d48
q_80a3c28021,d_c965cc1c03
q_80a3c28021,d_61586847b7
q_80a3c28021,d_aee4be7cac
q_80a3c28021,d_ede31c25ba
q_81d075019a,d_f8787907b3
q_81d075019a,d_2eea1a7eec
q_81d075019a,d_8357734cfe
q_81d075019a,d_93f6096945
q_81d075019a,d_1cce586885
q_8221693125,d_31ef7f91a8
q_8221693125,d_fb0f7e9797
q_8221693125,d_647812641b
q_8221693125,d_2eea1a7eec
q_8221693125,d_20bb12859e
q_8319da06a6,d_68644240fa
q_8319da06a6,d_f8787907b3
q_8319da06a6,d_de01daec14
q_8319da06a6,d_2eea1a7eec
q_8319da06a6,d_aee4be7cac
q_837f3eae01,d_f687b4ecee
q_837f3eae01,d_6b1d2d1545
q_837f3eae01,d_2fd632e362
q_837f3eae01,d_38f04ea58d
q_837f3eae01,d_46e687baa4
q_85347119e4,d_5e801f8663
q_85347119e4,d_87849c8689
q_85347119e4,d_e28efd1153
q_85347119e4,d_d4e7d0381b
q_85347119e4,d_a9dbfdbe77
q_85a26aff00,d_9d7c376f06
q_85a26aff00,d_7c279e42ed
q_85a26aff00,d_8a4c11ed74
q_85a26aff00,d_2a93df0cd3
q_85a26aff00,d_439bec7aae
q_86101381be,d_b2f62b4d48
q_86101381be,d_c965cc1c03
q_86101381be,d_61586847b7
q_86101381be,d_aee4be7cac
q_86101381be,d_ede31c25ba
q_8659d7a734,d_b2f62b4d48
q_8659d7a734,d_c965cc1c03
q_8659d7a734,d_2d7a6ab2bc
q_8659d7a734,d_61586847b7
q_8659d7a734,d_aee4be7cac
q_87226f703a,d_40fbbf0fca
q_87226f703a,d_68874c6ad6
q_87226f703a,d_61e313b506
q_87226f703a,d_48b105390f
q_87226f703a,d_d235ca1c7e
q_8723c1494b,d_61e313b506
q_8723c1494b,d_48b105390f
q_8723c1494b,d_d235ca1c7e
q_8723c1494b,d_2eea1a7eec
q_8723c1494b,d_531c852674
q_87ef90f271,d_8a5468809e
q_87ef90f271,d_61c2d77c65
q_87ef90f271,d_8fbf57d7ce
q_87ef90f271,d_d85afb9609
q_87ef90f271,d_615ceb0fcb
q_8892c3829e,d_5e801f8663
q_8892c3829e,d_4754c12753
q_8892c3829e,d_de01daec14
q_8892c3829e,d_10a96e4ee5
q_8892c3829e,d_f8787907b3
q_89244eeff0,d_61e313b506
q_89244eeff0,d_48b105390f
q_89244eeff0,d_04ba7f2e18
q_89244eeff0,d_c43cad7282
q_89244eeff0,d_531c852674
q_897a22c66f,d_2fd632e362
q_897a22c66f,d_e5a8c96f07
q_897a22c66f,d_24d4075c2d
q_897a22c66f,d_8c0aaf2600
q_897a22c66f,d_182cd61ac0
q_8a9ceefa7d,d_7c24dde995
q_8a9ceefa7d,d_db03af4f7c
q_8a9ceefa7d,d_c83197c684
q_8a9ceefa7d,d_bcebd4e1c5
q_8a9ceefa7d,d_2fd632e362
q_8b14732d6c,d_b2f62b4d48
q_8b14732d6c,d_c965cc1c03
q_8b14732d6c,d_61586847b7
q_8b14732d6c,d_aee4be7cac
q_8b14732d6c,d_ede31c25ba
q_8b70a577bb,d_9caf3c9b29
q_8b70a577bb,d_26d89e83ca
q_8b70a577bb,d_e0efc9f54b
q_8b70a577bb,d_1bf29134f0
q_8b70a577bb,d_236fa90284
q_8c4d40c63b,d_2a93df0cd3
q_8c4d40c63b,d_99d2e8c0f2
q_8c4d40c63b,d_f9dfef353f
q_8c4d40c63b,d_8011607423
q_8c4d40c63b,d_938c334349
q_8c814d99b0,d_7e1a3c53df
q_8c814d99b0,d_80dfac9545
q_8c814d99b0,d_7ca81d60bb
q_8c814d99b0,d_f8b2945e8d
q_8c814d99b0,d_30bcc6c53e
q_8c90eb7f9b,d_f8787907b3
q_8c90eb7f9b,d_2eea1a7eec
q_8c90eb7f9b,d_de01daec14
q_8c90eb7f9b,d_f5245eda62
q_8c90eb7f9b,d_b25f50310e
q_8d4d8a4155,d_609e75c97a
q_8d4d8a4155,d_289c761157
q_8d4d8a4155,d_fe79ac9d04
q_8d4d8a4155,d_e84594b7e4
q_8d4d8a4155,d_3837ffb996
q_8dbfed14b3,d_48b105390f
q_8dbfed14b3,d_61e313b506
q_8dbfed14b3,d_4e77c29dc6
q_8dbfed14b3,d_531c852674
q_8dbfed14b3,d_d235ca1c7e
q_8e310f56cd,d_48b105390f
q_8e310f56cd,d_61e313b506
q_8e310f56cd,d_d235ca1c7e
q_8e310f56cd,d_2d7a6ab2bc
q_8e310f56cd,d_2d7e346926
q_8ef19770eb,d_6c8b749b65
q_8ef19770eb,d_ba14b433ab
q_8ef19770eb,d_48fa1cfb1b
q_8ef19770eb,d_de01daec14
q_8ef19770eb,d_30bcc6c53e
q_8f039df1fd,d_4e8802e636
q_8f039df1fd,d_66ca9ede7e
q_8f039df1fd,d_96ddd2839e
q_8f039df1fd,d_439bec7aae
q_8f039df1fd,d_b5fe279406
q_8fa3eec1ac,d_e5a8c96f07
q_8fa3eec1ac,d_7ca81d60bb
q_8fa3eec1ac,d_4e8802e636
q_8fa3eec1ac,d_d4e7d0381b
q_8fa3eec1ac,d_5e801f8663
q_91122fd81e,d_d85afb9609
q_91122fd81e,d_e96752e1fe
q_91122fd81e,d_8a5468809e
q_91122fd81e,d_8b90552773
q_91122fd81e,d_61c2d77c65
q_916205338d,d_ca79b1b741
q_916205338d,d_9697d8c629
q_916205338d,d_a3ea97ebfc
q_916205338d,d_435d80eff0
q_916205338d,d_531c852674
q_920a36fe22,d_721df03545
q_920a36fe22,d_68874c6ad6
q_920a36fe22,d_40fbbf0fca
q_920a36fe22,d_68644240fa
q_920a36fe22,d_c8ea5907a4
q_924d750161,d_a3ea97ebfc
q_924d750161,d_cc4fd16867
q_924d750161,d_dec756449e
q_924d750161,d_6c4d07449c
q_924d750161,d_6c8b749b65
q_92940ed0ff,d_3d8e1ad86f
q_92940ed0ff,d_ce94f32ecd
q_92940ed0ff,d_2d7e346926
q_92940ed0ff,d_f5d1f4d96b
q_92940ed0ff,d_9697d8c629
q_92b69b64e7,d_addeb51081
q_92b69b64e7,d_93f6096945
q_92b69b64e7,d_0e189b18aa
q_92b69b64e7,d_d68f4ab7ea
q_92b69b64e7,d_c10a29351e
q_92bc466e9e,d_3d8e1ad86f
q_92bc466e9e,d_ce94f32ecd
q_92bc466e9e,d_2d7e346926
q_92bc466e9e,d_f5d1f4d96b
q_92bc466e9e,d_61e313b506
q_935ab54eed,d_653d63a4e2
q_935ab54eed,d_1beb3994bf
q_935ab54eed,d_943e25b499
q_935ab54eed,d_9d7c376f06
q_935ab54eed,d_f9946fb039
q_958dccf55d,d_f9572383d4
q_958dccf55d,d_ff78d23d5d
q_958dccf55d,d_6b1d2d1545
q_958dccf55d,d_1f5d500d58
q_958dccf55d,d_998d99a4b7
q_95d079c924,d_eb1e8c0b16
q_95d079c924,d_a9a59816ed
q_95d079c924,d_c24c04ae45
q_95d079c924,d_3b103df4b8
q_95d079c924,d_874e7445b2
q_98c52e4d1c,d_8b90552773
q_98c52e4d1c,d_61c2d77c65
q_98c52e4d1c,d_0216234592
q_98c52e4d1c,d_48fa1cfb1b
q_98c52e4d1c,d_ba14b433ab
q_9a55c125fc,d_2fd632e362
q_9a55c125fc,d_182cd61ac0
q_9a55c125fc,d_a3ea97ebfc
q_9a55c125fc,d_e5a8c96f07
q_9a55c125fc,d_d68f4ab7ea
q_9a7e81165f,d_c43cad7282
q_9a7e81165f,d_04ba7f2e18
q_9a7e81165f,d_531c852674
q_9a7e81165f,d_3429a1a6eb
q_9a7e81165f,d_f8787907b3
q_9cdef9a470,d_d0b30d09b3
q_9cdef9a470,d_1f74238452
q_9cdef9a470,d_61e313b506
q_9cdef9a470,d_384357bef5
q_9cdef9a470,d_c08928b4cc
q_9d8a46177a,d_d85afb9609
q_9d8a46177a,d_e96752e1fe
q_9d8a46177a,d_0216234592
q_9d8a46177a,d_8a5468809e
q_9d8a46177a,d_61c2d77c65
q_9db0d94de9,d_4a9981e720
q_9db0d94de9,d_a3ea97ebfc
q_9db0d94de9,d_30bcc6c53e
q_9db0d94de9,d_4d31bd4af0
q_9db0d94de9,d_3b12d1fbd6
q_9de73957c3,d_b2f62b4d48
q_9de73957c3,d_61586847b7
q_9de73957c3,d_c965cc1c03
q_9de73957c3,d_aee4be7cac
q_9de73957c3,d_ede31c25ba
q_9e50cf4164,d_089dba84fa
q_9e50cf4164,d_eb1e8c0b16
q_9e50cf4164,d_1f5d500d58
q_9e50cf4164,d_ec6dba6435
q_9e50cf4164,d_c054bdf5f6
q_a05adafb03,d_6b1d2d1545
q_a05adafb03,d_ff78d23d5d
q_a05adafb03,d_f9572383d4
q_a05adafb03,d_a3ea97ebfc
q_a05adafb03,d_cc4fd16867
q_a09f4be04e,d_e96752e1fe
q_a09f4be04e,d_7a75d1b6d8
q_a09f4be04e,d_0216234592
q_a09f4be04e,d_8a5468809e
q_a09f4be04e,d_8fbf57d7ce
q_a0a7ddd9bd,d_61e313b506
q_a0a7ddd9bd,d_48b105390f
q_a0a7ddd9bd,d_d235ca1c7e
q_a0a7ddd9bd,d_57e93fc894
q_a0a7ddd9bd,d_f8787907b3
q_a10b70c774,d_826ecc95c6
q_a10b70c774,d_08821d81f8
q_a10b70c774,d_bcd63a691f
q_a10b70c774,d_a2997714e2
q_a10b70c774,d_eb1e8c0b16
q_a1f8448ab2,d_8a4c11ed74
q_a1f8448ab2,d_3d2e6d4fc4
q_a1f8448ab2,d_e43ae8cea1
q_a1f8448ab2,d_3efc43e2bf
q_a1f8448ab2,d_e5a8c96f07
q_a3289a5943,d_531c852674
q_a3289a5943,d_a9a59816ed
q_a3289a5943,d_04ba7f2e18
q_a3289a5943,d_b25f50310e
q_a3289a5943,d_4a9981e720
q_a3bae8a341,d_3d8e1ad86f
q_a3bae8a341,d_2d7e346926
q_a3bae8a341,d_ce94f32ecd
q_a3bae8a341,d_48b105390f
q_a3bae8a341,d_9697d8c629
q_a54b01c212,d_66ca9ede7e
q_a54b01c212,d_7e1a3c53df
q_a54b01c212,d_87849c8689
q_a54b01c212,d_80dfac9545
q_a54b01c212,d_4e8802e636
q_a5af951077,d_721df03545
q_a5af951077,d_68874c6ad6
q_a5af951077,d_fba8d61ef9
q_a5af951077,d_dec756449e
q_a5af951077,d_164ac15d17
q_a6ee578a69,d_61e313b506
q_a6ee578a69,d_d235ca1c7e
q_a6ee578a69,d_4e77c29dc6
q_a6ee578a69,d_48b105390f
q_a6ee578a69,d_4a9981e720
q_a76a42e67b,d_b2f62b4d48
q_a76a42e67b,d_c965cc1c03
q_a76a42e67b,d_61586847b7
q_a76a42e67b,d_aee4be7cac
q_a76a42e67b,d_ede31c25ba
q_a77409afb9,d_fc984e20de
q_a77409afb9,d_f8b2945e8d
q_a77409afb9,d_721df03545
q_a77409afb9,d_8b90552773
q_a77409afb9,d_915e9c379c
q_a930eaebdb,d_93f6096945
q_a930eaebdb,d_e418fd6561
q_a930eaebdb,d_69e7c5a79c
q_a930eaebdb,d_435d80eff0
q_a930eaebdb,d_1cce586885
q_a94734c54e,d_3d8e1ad86f
q_a94734c54e,d_ce94f32ecd
q_a94734c54e,d_2d7e346926
q_a94734c54e,d_f5d1f4d96b
q_a94734c54e,d_61e313b506
q_a9ebe48bb4,d_609e75c97a
q_a9ebe48bb4,d_2cc23d9a19
q_a9ebe48bb4,d_c00e1cfce8
q_a9ebe48bb4,d_3b92c0aa24
q_a9ebe48bb4,d_1a55e7aa62
q_aaa48facd1,d_61e313b506
q_aaa48facd1,d_48b105390f
q_aaa48facd1,d_6c4d07449c
q_aaa48facd1,d_21e0ba1f08
q_aaa48facd1,d_d235ca1c7e
q_abd64de1b2,d_d235ca1c7e
q_abd64de1b2,d_04ba7f2e18
q_abd64de1b2,d_61e313b506
q_abd64de1b2,d_48b105390f
q_abd64de1b2,d_c43cad7282
q_ac3ad6044e,d_48b105390f
q_ac3ad6044e,d_61e313b506
q_ac3ad6044e,d_d235ca1c7e
q_ac3ad6044e,d_6c8b749b65
q_ac3ad6044e,d_fb0f7e9797
q_ac79620ead,d_03bee6a656
q_ac79620ead,d_e5a8c96f07
q_ac79620ead,d_80dfac9545
q_ac79620ead,d_7e1a3c53df
q_ac79620ead,d_e28efd1153
q_ae9804b763,d_d235ca1c7e
q_ae9804b763,d_61e313b506
q_ae9804b763,d_48b105390f
q_ae9804b763,d_2eea1a7eec
q_ae9804b763,d_40fbbf0fca
q_aeccfabcff,d_874e7445b2
q_aeccfabcff,d_3b103df4b8
q_aeccfabcff,d_74af7b613e
q_aeccfabcff,d_2827d40fb0
q_aeccfabcff,d_2c14115663
q_af15c9c080,d_61e313b506
q_af15c9c080,d_48b105390f
q_af15c9c080,d_d235ca1c7e
q_af15c9c080,d_40fbbf0fca
q_af15c9c080,d_68874c6ad6
q_b00b42a668,d_826ecc95c6
q_b00b42a668,d_c054bdf5f6
q_b00b42a668,d_ec6dba6435
q_b00b42a668,d_08821d81f8
q_b00b42a668,d_bcd63a691f
q_b05c6d2289,d_61e313b506
q_b05c6d2289,d_48b105390f
q_b05c6d2289,d_a39559a85e
q_b05c6d2289,d_f5245eda62
q_b05c6d2289,d_93f6096945
q_b07a41dddf,d_2d7e346926
q_b07a41dddf,d_9697d8c629
q_b07a41dddf,d_f5d1f4d96b
q_b07a41dddf,d_2eea1a7eec
q_b07a41dddf,d_61c2d77c65
q_b122797c70,d_80dfac9545
q_b122797c70,d_7e1a3c53df
q_b122797c70,d_7ca81d60bb
q_b122797c70,d_c43cad7282
q_b122797c70,d_04ba7f2e18
q_b1976e946c,d_d0b30d09b3
q_b1976e946c,d_80dfac9545
q_b1976e946c,d_7e1a3c53df
q_b1976e946c,d_7ca81d60bb
q_b1976e946c,d_dec756449e
q_b1bc5e74c3,d_48b105390f
q_b1bc5e74c3,d_61e313b506
q_b1bc5e74c3,d_a9a59816ed
q_b1bc5e74c3,d_d235ca1c7e
q_b1bc5e74c3,d_1e525dd61f
q_b1cafa0d9b,d_089dba84fa
q_b1cafa0d9b,d_eb1e8c0b16
q_b1cafa0d9b,d_42a2521124
q_b1cafa0d9b,d_c3f616e87e
q_b1cafa0d9b,d_82491d29e0
q_b1f89c69aa,d_eef4728b04
q_b1f89c69aa,d_61354d07de
q_b1f89c69aa,d_0a976dd018
q_b1f89c69aa,d_a3ea97ebfc
q_b1f89c69aa,d_d0b30d09b3
q_b4b4e4f0e3,d_66ca9ede7e
q_b4b4e4f0e3,d_4e8802e636
q_b4b4e4f0e3,d_844c0d0725
q_b4b4e4f0e3,d_87849c8689
q_b4b4e4f0e3,d_7e1a3c53df
q_b57ae3f9b9,d_844c0d0725
q_b57ae3f9b9,d_c054bdf5f6
q_b57ae3f9b9,d_ec6dba6435
q_b57ae3f9b9,d_c75488320c
q_b57ae3f9b9,d_653d63a4e2
q_b91ec450fb,d_48b105390f
q_b91ec450fb,d_61e313b506
q_b91ec450fb,d_d235ca1c7e
q_b91ec450fb,d_a9a59816ed
q_b91ec450fb,d_4a9981e720
q_b935bfe484,d_30bcc6c53e
q_b935bfe484,d_67a9ff3a20
q_b935bfe484,d_f8787907b3
q_b935bfe484,d_31ef7f91a8
q_b935bfe484,d_f5245eda62
q_b97c4706f5,d_cc4fd16867
q_b97c4706f5,d_4754c12753
q_b97c4706f5,d_0216234592
q_b97c4706f5,d_c8ea5907a4
q_b97c4706f5,d_31ef7f91a8
q_ba6598bced,d_6c8b749b65
q_ba6598bced,d_2fd632e362
q_ba6598bced,d_8b90552773
q_ba6598bced,d_5e801f8663
q_ba6598bced,d_e5a8c96f07
q_bb2bbff5d4,d_eb1e8c0b16
q_bb2bbff5d4,d_089dba84fa
q_bb2bbff5d4,d_4a9981e720
q_bb2bbff5d4,d_ca79b1b741
q_bb2bbff5d4,d_531c852674
q_bce0cb62d1,d_31ef7f91a8
q_bce0cb62d1,d_6c8b749b65
q_bce0cb62d1,d_647812641b
q_bce0cb62d1,d_20bb12859e
q_bce0cb62d1,d_fb0f7e9797
q_bdbbb95e5b,d_42a2521124
q_bdbbb95e5b,d_1699b2d47c
q_bdbbb95e5b,d_ec6dba6435
q_bdbbb95e5b,d_c054bdf5f6
q_bdbbb95e5b,d_0489a2a811
q_c0db7a9a56,d_4e8802e636
q_c0db7a9a56,d_66ca9ede7e
q_c0db7a9a56,d_f5d1f4d96b
q_c0db7a9a56,d_96ddd2839e
q_c0db7a9a56,d_164ac15d17
q_c2e26adc84,d_3aab1988d6
q_c2e26adc84,d_c90cd76b01
q_c2e26adc84,d_ed1d7dc298
q_c2e26adc84,d_6006afbea6
q_c2e26adc84,d_33ce0ffb08
q_c47130d60c,d_3837ffb996
q_c47130d60c,d_6c4d07449c
q_c47130d60c,d_66ca9ede7e
q_c47130d60c,d_f5d1f4d96b
q_c47130d60c,d_4e8802e636
q_c56fdba2fc,d_3d8e1ad86f
q_c56fdba2fc,d_ce94f32ecd
q_c56fdba2fc,d_2d7e346926
q_c56fdba2fc,d_f5d1f4d96b
q_c56fdba2fc,d_9697d8c629
q_c60d23eab8,d_9697d8c629
q_c60d23eab8,d_3429a1a6eb
q_c60d23eab8,d_93f6096945
q_c60d23eab8,d_8df79c0571
q_c60d23eab8,d_083198d02d
q_c629245a8c,d_7a75d1b6d8
q_c629245a8c,d_8a5468809e
q_c629245a8c,d_0216234592
q_c629245a8c,d_e28efd1153
q_c629245a8c,d_e96752e1fe
q_c693d95d02,d_66ca9ede7e
q_c693d95d02,d_4e8802e636
q_c693d95d02,d_ab8e1aabbb
q_c693d95d02,d_ff78d23d5d
q_c693d95d02,d_f9572383d4
q_c6c881afd3,d_1f74238452
q_c6c881afd3,d_4a9981e720
q_c6c881afd3,d_a9a59816ed
q_c6c881afd3,d_4d31bd4af0
q_c6c881afd3,d_4e77c29dc6
q_c742196f19,d_1f5d500d58
q_c742196f19,d_c41e68a62e
q_c742196f19,d_2fd632e362
q_c742196f19,d_bad7203d3a
q_c742196f19,d_04962ca9ed
q_c7748fe5a3,d_48b105390f
q_c7748fe5a3,d_61e313b506
q_c7748fe5a3,d_d235ca1c7e
q_c7748fe5a3,d_24d4075c2d
q_c7748fe5a3,d_842b2d8316
q_c7a2a46e5f,d_61e313b506
q_c7a2a46e5f,d_d235ca1c7e
q_c7a2a46e5f,d_48b105390f
q_c7a2a46e5f,d_4a9981e720
q_c7a2a46e5f,d_b25f50310e
q_c83eb1a3c6,d_04ba7f2e18
q_c83eb1a3c6,d_6c4d07449c
q_c83eb1a3c6,d_4a9981e720
q_c83eb1a3c6,d_72fb6411f0
q_c83eb1a3c6,d_6090bc3aeb
q_cb56bb82ba,d_e5a8c96f07
q_cb56bb82ba,d_721df03545
q_cb56bb82ba,d_dd87e5ff2d
q_cb56bb82ba,d_2a93df0cd3
q_cb56bb82ba,d_2fd632e362
q_cb82822dbb,d_4e77c29dc6
q_cb82822dbb,d_4d31bd4af0
q_cb82822dbb,d_1f74238452
q_cb82822dbb,d_4a9981e720
q_cb82822dbb,d_c24c04ae45
q_cba513ed13,d_61e313b506
q_cba513ed13,d_48b105390f
q_cba513ed13,d_d235ca1c7e
q_cba513ed13,d_40fbbf0fca
q_cba513ed13,d_68874c6ad6
q_cc8821d9ad,d_9697d8c629
q_cc8821d9ad,d_2eea1a7eec
q_cc8821d9ad,d_1cce586885
q_cc8821d9ad,d_a3ea97ebfc
q_cc8821d9ad,d_ca79b1b741
q_cd2a9738ff,d_615ceb0fcb
q_cd2a9738ff,d_8fbf57d7ce
q_cd2a9738ff,d_58f5048e9c
q_cd2a9738ff,d_e96752e1fe
q_cd2a9738ff,d_d85afb9609
q_ce520cb7fb,d_2eea1a7eec
q_ce520cb7fb,d_c6069f8aaf
q_ce520cb7fb,d_d68f4ab7ea
q_ce520cb7fb,d_f8787907b3
q_ce520cb7fb,d_de01daec14
q_d0b721ce1f,d_cc4fd16867
q_d0b721ce1f,d_7f3cc579a7
q_d0b721ce1f,d_083198d02d
q_d0b721ce1f,d_8df79c0571
q_d0b721ce1f,d_168537aacb
q_d1fb8ed038,d_6c8b749b65
q_d1fb8ed038,d_4754c12753
q_d1fb8ed038,d_cc4fd16867
q_d1fb8ed038,d_31ef7f91a8
q_d1fb8ed038,d_3be090e466
q_d21eee7466,d_531c852674
q_d21eee7466,d_04ba7f2e18
q_d21eee7466,d_c43cad7282
q_d21eee7466,d_eb1e8c0b16
q_d21eee7466,d_826ecc95c6
q_d24a86a08c,d_addeb51081
q_d24a86a08c,d_de01daec14
q_d24a86a08c,d_93f6096945
q_d24a86a08c,d_f8787907b3
q_d24a86a08c,d_435d80eff0
q_d270940960,d_61e313b506
q_d270940960,d_48b105390f
q_d270940960,d_d235ca1c7e
q_d270940960,d_cc4fd16867
q_d270940960,d_3429a1a6eb
q_d2728921e0,d_ce94f32ecd
q_d2728921e0,d_3429a1a6eb
q_d2728921e0,d_93f6096945
q_d2728921e0,d_8df79c0571
q_d2728921e0,d_f786a55c3e
q_d33a11cbc5,d_52877a9590
q_d33a11cbc5,d_8b90552773
q_d33a11cbc5,d_915e9c379c
q_d33a11cbc5,d_fc984e20de
q_d33a11cbc5,d_4e8802e636
q_d3c226b054,d_6090bc3aeb
q_d3c226b054,d_4d31bd4af0
q_d3c226b054,d_4e77c29dc6
q_d3c226b054,d_b25f50310e
q_d3c226b054,d_4a9981e720
q_d3f14d5200,d_2eea1a7eec
q_d3f14d5200,d_61e313b506
q_d3f14d5200,d_6c4d07449c
q_d3f14d5200,d_d235ca1c7e
q_d3f14d5200,d_2d7a6ab2bc
q_d41481e3c0,d_48b105390f
q_d41481e3c0,d_61e313b506
q_d41481e3c0,d_d235ca1c7e
q_d41481e3c0,d_4d31bd4af0
q_d41481e3c0,d_2d7a6ab2bc
q_d5908d4962,d_7738d86d5c
q_d5908d4962,d_938c334349
q_d5908d4962,d_8011607423
q_d5908d4962,d_089dba84fa
q_d5908d4962,d_08b9fcee04
q_d70cf33278,d_c75488320c
q_d70cf33278,d_f8787907b3
q_d70cf33278,d_de01daec14
q_d70cf33278,d_30bcc6c53e
q_d70cf33278,d_8df79c0571
q_d72774e539,d_e96752e1fe
q_d72774e539,d_d85afb9609
q_d72774e539,d_61c2d77c65
q_d72774e539,d_8a5468809e
q_d72774e539,d_8fbf57d7ce
q_d770567662,d_c08928b4cc
q_d770567662,d_7a75d1b6d8
q_d770567662,d_6c22be023d
q_d770567662,d_8b90552773
q_d770567662,d_80dfac9545
q_d8b3720f43,d_531c852674
q_d8b3720f43,d_a9a59816ed
q_d8b3720f43,d_2eea1a7eec
q_d8b3720f43,d_de01daec14
q_d8b3720f43,d_f8787907b3
q_d94b3a29c4,d_66ca9ede7e
q_d94b3a29c4,d_4e8802e636
q_d94b3a29c4,d_439bec7aae
q_d94b3a29c4,d_f5d1f4d96b
q_d94b3a29c4,d_164ac15d17
q_d99da5b254,d_8a5468809e
q_d99da5b254,d_615ceb0fcb
q_d99da5b254,d_c08928b4cc
q_d99da5b254,d_8fbf57d7ce
q_d99da5b254,d_58f5048e9c
q_d9dcc68354,d_3d8e1ad86f
q_d9dcc68354,d_ce94f32ecd
q_d9dcc68354,d_2d7e346926
q_d9dcc68354,d_f5d1f4d96b
q_d9dcc68354,d_9697d8c629
q_dad8e3b898,d_b2f62b4d48
q_dad8e3b898,d_c965cc1c03
q_dad8e3b898,d_aee4be7cac
q_dad8e3b898,d_61586847b7
q_dad8e3b898,d_8357734cfe
q_db2ba85f6e,d_fc984e20de
q_db2ba85f6e,d_915e9c379c
q_db2ba85f6e,d_66ca9ede7e
q_db2ba85f6e,d_f8b2945e8d
q_db2ba85f6e,d_4e8802e636
q_db40577851,d_7ebe65fe6b
q_db40577851,d_826ecc95c6
q_db40577851,d_08821d81f8
q_db40577851,d_bcd63a691f
q_db40577851,d_a2997714e2
q_db90d2e4a7,d_721df03545
q_db90d2e4a7,d_dec756449e
q_db90d2e4a7,d_68874c6ad6
q_db90d2e4a7,d_fba8d61ef9
q_db90d2e4a7,d_164ac15d17
q_dc3f618035,d_0216234592
q_dc3f618035,d_ba5ca18f99
q_dc3f618035,d_8b90552773
q_dc3f618035,d_61c2d77c65
q_dc3f618035,d_f8787907b3
q_dc727075fb,d_f8787907b3
q_dc727075fb,d_8b90552773
q_dc727075fb,d_de01daec14
q_dc727075fb,d_f5245eda62
q_dc727075fb,d_67a9ff3a20
q_dde195b1d6,d_975b84fe77
q_dde195b1d6,d_6271360f48
q_dde195b1d6,d_38f04ea58d
q_dde195b1d6,d_f04703dac6
q_dde195b1d6,d_46e687baa4
q_ddf07be7f1,d_bd701e0a3d
q_ddf07be7f1,d_842b2d8316
q_ddf07be7f1,d_24d4075c2d
q_ddf07be7f1,d_f8787907b3
q_ddf07be7f1,d_de01daec14
q_df9d12f169,d_80dfac9545
q_df9d12f169,d_7c24dde995
q_df9d12f169,d_d4e7d0381b
q_df9d12f169,d_f8787907b3
q_df9d12f169,d_e28efd1153
q_e120dec89d,d_d235ca1c7e
q_e120dec89d,d_61e313b506
q_e120dec89d,d_48b105390f
q_e120dec89d,d_24d4075c2d
q_e120dec89d,d_72fb6411f0
q_e1eef1e6ff,d_2cc23d9a19
q_e1eef1e6ff,d_c00e1cfce8
q_e1eef1e6ff,d_3b92c0aa24
q_e1eef1e6ff,d_1a55e7aa62
q_e1eef1e6ff,d_609e75c97a
q_e226438cc2,d_6090bc3aeb
q_e226438cc2,d_4e77c29dc6
q_e226438cc2,d_4d31bd4af0
q_e226438cc2,d_21e0ba1f08
q_e226438cc2,d_cc4fd16867
q_e24279f61e,d_68644240fa
q_e24279f61e,d_4754c12753
q_e24279f61e,d_842005b9c5
q_e24279f61e,d_82491d29e0
q_e24279f61e,d_c3f616e87e
q_e26122b15f,d_956682cc66
q_e26122b15f,d_b33fcee2c6
q_e26122b15f,d_f8787907b3
q_e26122b15f,d_de01daec14
q_e26122b15f,d_2eea1a7eec
q_e347d40673,d_03bee6a656
q_e347d40673,d_4e77c29dc6
q_e347d40673,d_531c852674
q_e347d40673,d_826ecc95c6
q_e347d40673,d_c24c04ae45
q_e3b3b5b950,d_3d8e1ad86f
q_e3b3b5b950,d_ce94f32ecd
q_e3b3b5b950,d_2d7e346926
q_e3b3b5b950,d_f5d1f4d96b
q_e3b3b5b950,d_9697d8c629
q_e4b15d0b61,d_48b105390f
q_e4b15d0b61,d_61e313b506
q_e4b15d0b61,d_d235ca1c7e
q_e4b15d0b61,d_2eea1a7eec
q_e4b15d0b61,d_8242b4ea41
q_e7686b6a10,d_02581bb831
q_e7686b6a10,d_affa8833c9
q_e7686b6a10,d_942d68689e
q_e7686b6a10,d_56b8c193db
q_e7686b6a10,d_056bec6bff
q_e81733335b,d_f687b4ecee
q_e81733335b,d_f04703dac6
q_e81733335b,d_38f04ea58d
q_e81733335b,d_46e687baa4
q_e81733335b,d_6b1d2d1545
q_e88f2e7044,d_2eea1a7eec
q_e88f2e7044,d_177212b4b9
q_e88f2e7044,d_168537aacb
q_e88f2e7044,d_30bcc6c53e
q_e88f2e7044,d_1cce586885
q_e97fa42d53,d_48b105390f
q_e97fa42d53,d_61e313b506
q_e97fa42d53,d_d235ca1c7e
q_e97fa42d53,d_40fbbf0fca
q_e97fa42d53,d_68874c6ad6
q_e9a3e92d94,d_d85afb9609
q_e9a3e92d94,d_4754c12753
q_e9a3e92d94,d_33bed2d15f
q_e9a3e92d94,d_5e43aeaea9
q_e9a3e92d94,d_f5f088c2ae
q_e9f0248a21,d_48b105390f
q_e9f0248a21,d_61e313b506
q_e9f0248a21,d_a9a59816ed
q_e9f0248a21,d_1f74238452
q_e9f0248a21,d_531c852674
q_ebfa8f8fe0,d_61e313b506
q_ebfa8f8fe0,d_48b105390f
q_ebfa8f8fe0,d_d235ca1c7e
q_ebfa8f8fe0,d_40fbbf0fca
q_ebfa8f8fe0,d_b25f50310e
q_eda0054641,d_b2f62b4d48
q_eda0054641,d_61586847b7
q_eda0054641,d_c965cc1c03
q_eda0054641,d_aee4be7cac
q_eda0054641,d_ede31c25ba
q_edfaffc32f,d_ed1d7dc298
q_edfaffc32f,d_ec69499084
q_edfaffc32f,d_089dba84fa
q_edfaffc32f,d_524917f641
q_edfaffc32f,d_eb1e8c0b16
q_ee62376190,d_61e313b506
q_ee62376190,d_48b105390f
q_ee62376190,d_d235ca1c7e
q_ee62376190,d_4e8802e636
q_ee62376190,d_66ca9ede7e
q_eeae449be5,d_40fbbf0fca
q_eeae449be5,d_68874c6ad6
q_eeae449be5,d_61e313b506
q_eeae449be5,d_48b105390f
q_eeae449be5,d_d235ca1c7e
q_ef6c1aafcb,d_8b90552773
q_ef6c1aafcb,d_c75488320c
q_ef6c1aafcb,d_f8787907b3
q_ef6c1aafcb,d_de01daec14
q_ef6c1aafcb,d_d4e7d0381b
q_ef724b3bb4,d_6090bc3aeb
q_ef724b3bb4,d_4a9981e720
q_ef724b3bb4,d_4e77c29dc6
q_ef724b3bb4,d_4d31bd4af0
q_ef724b3bb4,d_1f74238452
q_f099bdb15d,d_48b105390f
q_f099bdb15d,d_addeb51081
q_f099bdb15d,d_f8787907b3
q_f099bdb15d,d_31ef7f91a8
q_f099bdb15d,d_de01daec14
q_f0e44a3fd3,d_6c8b749b65
q_f0e44a3fd3,d_61e313b506
q_f0e44a3fd3,d_48b105390f
q_f0e44a3fd3,d_d235ca1c7e
q_f0e44a3fd3,d_ba5ca18f99
q_f24f305830,d_66ca9ede7e
q_f24f305830,d_4e8802e636
q_f24f305830,d_dd87e5ff2d
q_f24f305830,d_5e801f8663
q_f24f305830,d_f5d1f4d96b
q_f25a345668,d_61e313b506
q_f25a345668,d_48b105390f
q_f25a345668,d_b2f62b4d48
q_f25a345668,d_c965cc1c03
q_f25a345668,d_61586847b7
q_f27abe47f2,d_844c0d0725
q_f27abe47f2,d_996ee224b9
q_f27abe47f2,d_9d7c376f06
q_f27abe47f2,d_842005b9c5
q_f27abe47f2,d_82491d29e0
q_f28708d937,d_e5a8c96f07
q_f28708d937,d_2fd632e362
q_f28708d937,d_dec756449e
q_f28708d937,d_24d4075c2d
q_f28708d937,d_182cd61ac0
q_f2a6816ed9,d_1f5d500d58
q_f2a6816ed9,d_cc4fd16867
q_f2a6816ed9,d_04962ca9ed
q_f2a6816ed9,d_8242b4ea41
q_f2a6816ed9,d_d58bcac2e4
q_f3225b975b,d_d235ca1c7e
q_f3225b975b,d_61e313b506
q_f3225b975b,d_48b105390f
q_f3225b975b,d_40fbbf0fca
q_f3225b975b,d_c43cad7282
q_f341839319,d_6c8b749b65
q_f341839319,d_31ef7f91a8
q_f341839319,d_a3ea97ebfc
q_f341839319,d_249072edf1
q_f341839319,d_647812641b
q_f3888c6449,d_61e313b506
q_f3888c6449,d_d235ca1c7e
q_f3888c6449,d_48b105390f
q_f3888c6449,d_40fbbf0fca
q_f3888c6449,d_68874c6ad6
q_f3a9507c36,d_4754c12753
q_f3a9507c36,d_1f74238452
q_f3a9507c36,d_cc4fd16867
q_f3a9507c36,d_5e801f8663
q_f3a9507c36,d_31ef7f91a8
q_f66b307d04,d_ff78d23d5d
q_f66b307d04,d_6b1d2d1545
q_f66b307d04,d_2eea1a7eec
q_f66b307d04,d_f9572383d4
q_f66b307d04,d_a3ea97ebfc
q_f6e34252d3,d_27974a67a7
q_f6e34252d3,d_083198d02d
q_f6e34252d3,d_9697d8c629
q_f6e34252d3,d_4e77c29dc6
q_f6e34252d3,d_72fb6411f0
q_f7e4569ac9,d_b25f50310e
q_f7e4569ac9,d_4e77c29dc6
q_f7e4569ac9,d_4a9981e720
q_f7e4569ac9,d_4d31bd4af0
q_f7e4569ac9,d_1f74238452
q_f97b13bc98,d_31ef7f91a8
q_f97b13bc98,d_fb0f7e9797
q_f97b13bc98,d_6c8b749b65
q_f97b13bc98,d_647812641b
q_f97b13bc98,d_20bb12859e
q_fa578be6b9,d_6d053161ab
q_fa578be6b9,d_6c8b749b65
q_fa578be6b9,d_e418fd6561
q_fa578be6b9,d_4754c12753
q_fa578be6b9,d_a3ea97ebfc
q_fa8af0f99d,d_7c24dde995
q_fa8af0f99d,d_2fd632e362
q_fa8af0f99d,d_e5a8c96f07
q_fa8af0f99d,d_24d4075c2d
q_fa8af0f99d,d_d9c0d381c2
q_fb8abb8580,d_6090bc3aeb
q_fb8abb8580,d_eb1e8c0b16
q_fb8abb8580,d_089dba84fa
q_fb8abb8580,d_f04703dac6
q_fb8abb8580,d_46e687baa4
q_fb96af8603,d_b2f62b4d48
q_fb96af8603,d_2d7a6ab2bc
q_fb96af8603,d_c965cc1c03
q_fb96af8603,d_61586847b7
q_fb96af8603,d_aee4be7cac
q_fd17e9f753,d_f7409819ca
q_fd17e9f753,d_61e313b506
q_fd17e9f753,d_48b105390f
q_fd17e9f753,d_39fd780536
q_fd17e9f753,d_647812641b
q_fd2479882f,d_3d8e1ad86f
q_fd2479882f,d_48b105390f
q_fd2479882f,d_61e313b506
q_fd2479882f,d_d235ca1c7e
q_fd2479882f,d_40fbbf0fca
q_fd869f823d,d_0216234592
q_fd869f823d,d_e96752e1fe
q_fd869f823d,d_615ceb0fcb
q_fd869f823d,d_8fbf57d7ce
q_fd869f823d,d_61c2d77c65
q_fda470745d,d_4e8802e636
q_fda470745d,d_66ca9ede7e
q_fda470745d,d_f8787907b3
q_fda470745d,d_f5245eda62
q_fda470745d,d_31ef7f91a8
q_ff49caa8a1,d_1f5d500d58
q_ff49caa8a1,d_04962ca9ed
q_ff49caa8a1,d_61e313b506
q_ff49caa8a1,d_48b105390f
q_ff49caa8a1,d_0570687d63
q_ffb8f8c348,d_956682cc66
q_ffb8f8c348,d_b33fcee2c6
q_ffb8f8c348,d_7f3cc579a7
q_ffb8f8c348,d_083198d02d
q_ffb8f8c348,d_addeb51081
