qid,doc_id
q_025ed27ba2,d_10c30d1a6c
q_025ed27ba2,d_61586847b7
q_025ed27ba2,d_1bb696c3c5
q_025ed27ba2,d_177212b4b9
q_025ed27ba2,d_e8a3e8a9f6
q_0288552f11,d_10c30d1a6c
q_0288552f11,d_61586847b7
q_0288552f11,d_1bb696c3c5
q_0288552f11,d_177212b4b9
q_0288552f11,d_e8a3e8a9f6
q_0347af23fe,d_10c30d1a6c
q_0347af23fe,d_61586847b7
q_0347af23fe,d_1bb696c3c5
q_0347af23fe,d_177212b4b9
q_0347af23fe,d_e8a3e8a9f6
q_034c2e8f47,d_10c30d1a6c
q_034c2e8f47,d_61586847b7
q_034c2e8f47,d_1bb696c3c5
q_034c2e8f47,d_177212b4b9
q_034c2e8f47,d_e8a3e8a9f6
q_03be441477,d_10c30d1a6c
q_03be441477,d_61586847b7
q_03be441477,d_1bb696c3c5
q_03be441477,d_177212b4b9
q_03be441477,d_e8a3e8a9f6
q_03faf12b40,d_10c30d1a6c
q_03faf12b40,d_61586847b7
q_03faf12b40,d_1bb696c3c5
q_03faf12b40,d_177212b4b9
q_03faf12b40,d_e8a3e8a9f6
q_05edc68628,d_10c30d1a6c
q_05edc68628,d_61586847b7
q_05edc68628,d_1bb696c3c5
q_05edc68628,d_177212b4b9
q_05edc68628,d_e8a3e8a9f6
q_066ebd54a6,d_10c30d1a6c
q_066ebd54a6,d_61586847b7
q_066ebd54a6,d_1bb696c3c5
q_066ebd54a6,d_177212b4b9
q_066ebd54a6,d_e8a3e8a9f6
q_06cbcfcde5,d_10c30d1a6c
q_06cbcfcde5,d_61586847b7
q_06cbcfcde5,d_1bb696c3c5
q_06cbcfcde5,d_177212b4b9
q_06cbcfcde5,d_e8a3e8a9f6
q_078fa1d1a0,d_10c30d1a6c
q_078fa1d1a0,d_61586847b7
q_078fa1d1a0,d_1bb696c3c5
q_078fa1d1a0,d_177212b4b9
q_078fa1d1a0,d_e8a3e8a9f6
q_087fa5c68f,d_10c30d1a6c
q_087fa5c68f,d_61586847b7
q_087fa5c68f,d_1bb696c3c5
q_087fa5c68f,d_177212b4b9
q_087fa5c68f,d_e8a3e8a9f6
q_08d282ae8a,d_10c30d1a6c
q_08d282ae8a,d_61586847b7
q_08d282ae8a,d_1bb696c3c5
q_08d282ae8a,d_177212b4b9
q_08d282ae8a,d_e8a3e8a9f6
q_0ae91fb16f,d_10c30d1a6c
q_0ae91fb16f,d_61586847b7
q_0ae91fb16f,d_1bb696c3c5
q_0ae91fb16f,d_177212b4b9
q_0ae91fb16f,d_e8a3e8a9f6
q_0b29ad1bb2,d_10c30d1a6c
q_0b29ad1bb2,d_61586847b7
q_0b29ad1bb2,d_1bb696c3c5
q_0b29ad1bb2,d_177212b4b9
q_0b29ad1bb2,d_e8a3e8a9f6
q_0bf106d6fa,d_10c30d1a6c
q_0bf106d6fa,d_61586847b7
q_0bf106d6fa,d_1bb696c3c5
q_0bf106d6fa,d_177212b4b9
q_0bf106d6fa,d_e8a3e8a9f6
q_0cb2bd3aae,d_10c30d1a6c
q_0cb2bd3aae,d_61586847b7
q_0cb2bd3aae,d_1bb696c3c5
q_0cb2bd3aae,d_177212b4b9
q_0cb2bd3aae,d_e8a3e8a9f6
q_0cee3fd79f,d_10c30d1a6c
q_0cee3fd79f,d_61586847b7
q_0cee3fd79f,d_1bb696c3c5
q_0cee3fd79f,d_177212b4b9
q_0cee3fd79f,d_e8a3e8a9f6
q_0d182dc898,d_10c30d1a6c
q_0d182dc898,d_61586847b7
q_0d182dc898,d_1bb696c3c5
q_0d182dc898,d_177212b4b9
q_0d182dc898,d_e8a3e8a9f6
q_0d5ce67953,d_10c30d1a6c
q_0d5ce67953,d_61586847b7
q_0d5ce67953,d_1bb696c3c5
q_0d5ce67953,d_177212b4b9
q_0d5ce67953,d_e8a3e8a9f6
q_0d82c01428,d_10c30d1a6c
q_0d82c01428,d_61586847b7
q_0d82c01428,d_1bb696c3c5
q_0d82c01428,d_177212b4b9
q_0d82c01428,d_e8a3e8a9f6
q_0dcf742359,d_10c30d1a6c
q_0dcf742359,d_61586847b7
q_0dcf742359,d_1bb696c3c5
q_0dcf742359,d_177212b4b9
q_0dcf742359,d_e8a3e8a9f6
q_0dde17b893,d_10c30d1a6c
q_0dde17b893,d_61586847b7
q_0dde17b893,d_1bb696c3c5
q_0dde17b893,d_177212b4b9
q_0dde17b893,d_e8a3e8a9f6
q_0df30eede4,d_10c30d1a6c
q_0df30eede4,d_61586847b7
q_0df30eede4,d_1bb696c3c5
q_0df30eede4,d_177212b4b9
q_0df30eede4,d_e8a3e8a9f6
q_0e76614022,d_10c30d1a6c
q_0e76614022,d_61586847b7
q_0e76614022,d_1bb696c3c5
q_0e76614022,d_177212b4b9
q_0e76614022,d_e8a3e8a9f6
q_0f12d27e0e,d_10c30d1a6c
q_0f12d27e0e,d_61586847b7
q_0f12d27e0e,d_1bb696c3c5
q_0f12d27e0e,d_177212b4b9
q_0f12d27e0e,d_e8a3e8a9f6
q_1076881f91,d_10c30d1a6c
q_1076881f91,d_61586847b7
q_1076881f91,d_1bb696c3c5
q_1076881f91,d_177212b4b9
q_1076881f91,d_e8a3e8a9f6
q_10b66f5565,d_10c30d1a6c
q_10b66f5565,d_61586847b7
q_10b66f5565,d_1bb696c3c5
q_10b66f5565,d_177212b4b9
q_10b66f5565,d_e8a3e8a9f6
q_114e77e231,d_10c30d1a6c
q_114e77e231,d_61586847b7
q_114e77e231,d_1bb696c3c5
q_114e77e231,d_177212b4b9
q_114e77e231,d_e8a3e8a9f6
q_11a1ad442c,d_10c30d1a6c
q_11a1ad442c,d_61586847b7
q_11a1ad442c,d_1bb696c3c5
q_11a1ad442c,d_177212b4b9
q_11a1ad442c,d_e8a3e8a9f6
q_11cec78e04,d_10c30d1a6c
q_11cec78e04,d_61586847b7
q_11cec78e04,d_1bb696c3c5
q_11cec78e04,d_177212b4b9
q_11cec78e04,d_e8a3e8a9f6
q_1247d7e4e6,d_10c30d1a6c
q_1247d7e4e6,d_61586847b7
q_1247d7e4e6,d_1bb696c3c5
q_1247d7e4e6,d_177212b4b9
q_1247d7e4e6,d_e8a3e8a9f6
q_12de5a0e38,d_10c30d1a6c
q_12de5a0e38,d_61586847b7
q_12de5a0e38,d_1bb696c3c5
q_12de5a0e38,d_177212b4b9
q_12de5a0e38,d_e8a3e8a9f6
q_13bd635313,d_10c30d1a6c
q_13bd635313,d_61586847b7
q_13bd635313,d_1bb696c3c5
q_13bd635313,d_177212b4b9
q_13bd635313,d_e8a3e8a9f6
q_15648dae59,d_10c30d1a6c
q_15648dae59,d_61586847b7
q_15648dae59,d_1bb696c3c5
q_15648dae59,d_177212b4b9
q_15648dae59,d_e8a3e8a9f6
q_160052b11e,d_10c30d1a6c
q_160052b11e,d_61586847b7
q_160052b11e,d_1bb696c3c5
q_160052b11e,d_177212b4b9
q_160052b11e,d_e8a3e8a9f6
q_1714986a62,d_10c30d1a6c
q_1714986a62,d_61586847b7
q_1714986a62,d_1bb696c3c5
q_1714986a62,d_177212b4b9
q_1714986a62,d_e8a3e8a9f6
q_17190c5f7e,d_10c30d1a6c
q_17190c5f7e,d_61586847b7
q_17190c5f7e,d_1bb696c3c5
q_17190c5f7e,d_177212b4b9
q_17190c5f7e,d_e8a3e8a9f6
q_173759a977,d_10c30d1a6c
q_173759a977,d_61586847b7
q_173759a977,d_1bb696c3c5
q_173759a977,d_177212b4b9
q_173759a977,d_e8a3e8a9f6
q_17c1812428,d_10c30d1a6c
q_17c1812428,d_61586847b7
q_17c1812428,d_1bb696c3c5
q_17c1812428,d_177212b4b9
q_17c1812428,d_e8a3e8a9f6
q_1816b6be07,d_10c30d1a6c
q_1816b6be07,d_61586847b7
q_1816b6be07,d_1bb696c3c5
q_1816b6be07,d_177212b4b9
q_1816b6be07,d_e8a3e8a9f6
q_186d3671f0,d_10c30d1a6c
q_186d3671f0,d_61586847b7
q_186d3671f0,d_1bb696c3c5
q_186d3671f0,d_177212b4b9
q_186d3671f0,d_e8a3e8a9f6
q_198c1095e2,d_10c30d1a6c
q_198c1095e2,d_61586847b7
q_198c1095e2,d_1bb696c3c5
q_198c1095e2,d_177212b4b9
q_198c1095e2,d_e8a3e8a9f6
q_19cabbfbec,d_10c30d1a6c
q_19cabbfbec,d_61586847b7
q_19cabbfbec,d_1bb696c3c5
q_19cabbfbec,d_177212b4b9
q_19cabbfbec,d_e8a3e8a9f6
q_1a2c09b86b,d_10c30d1a6c
q_1a2c09b86b,d_61586847b7
q_1a2c09b86b,d_1bb696c3c5
q_1a2c09b86b,d_177212b4b9
q_1a2c09b86b,d_e8a3e8a9f6
q_1a6c7077cb,d_10c30d1a6c
q_1a6c7077cb,d_61586847b7
q_1a6c7077cb,d_1bb696c3c5
q_1a6c7077cb,d_177212b4b9
q_1a6c7077cb,d_e8a3e8a9f6
q_1a760b40d2,d_10c30d1a6c
q_1a760b40d2,d_61586847b7
q_1a760b40d2,d_1bb696c3c5
q_1a760b40d2,d_177212b4b9
q_1a760b40d2,d_e8a3e8a9f6
q_1b6772abdc,d_10c30d1a6c
q_1b6772abdc,d_61586847b7
q_1b6772abdc,d_1bb696c3c5
q_1b6772abdc,d_177212b4b9
q_1b6772abdc,d_e8a3e8a9f6
q_1c15b70ec7,d_10c30d1a6c
q_1c15b70ec7,d_61586847b7
q_1c15b70ec7,d_1bb696c3c5
q_1c15b70ec7,d_177212b4b9
q_1c15b70ec7,d_e8a3e8a9f6
q_1c3d2bac8c,d_10c30d1a6c
q_1c3d2bac8c,d_61586847b7
q_1c3d2bac8c,d_1bb696c3c5
q_1c3d2bac8c,d_177212b4b9
q_1c3d2bac8c,d_e8a3e8a9f6
q_1c5ddf3895,d_10c30d1a6c
q_1c5ddf3895,d_61586847b7
q_1c5ddf3895,d_1bb696c3c5
q_1c5ddf3895,d_177212b4b9
q_1c5ddf3895,d_e8a3e8a9f6
q_1ee7b9a876,d_10c30d1a6c
q_1ee7b9a876,d_61586847b7
q_1ee7b9a876,d_1bb696c3c5
q_1ee7b9a876,d_177212b4b9
q_1ee7b9a876,d_e8a3e8a9f6
q_209985e8e1,d_10c30d1a6c
q_209985e8e1,d_61586847b7
q_209985e8e1,d_1bb696c3c5
q_209985e8e1,d_177212b4b9
q_209985e8e1,d_e8a3e8a9f6
q_20ee51e9ac,d_10c30d1a6c
q_20ee51e9ac,d_61586847b7
q_20ee51e9ac,d_1bb696c3c5
q_20ee51e9ac,d_177212b4b9
q_20ee51e9ac,d_e8a3e8a9f6
q_22e564a26d,d_10c30d1a6c
q_22e564a26d,d_61586847b7
q_22e564a26d,d_1bb696c3c5
q_22e564a26d,d_177212b4b9
q_22e564a26d,d_e8a3e8a9f6
q_236a4cda67,d_10c30d1a6c
q_236a4cda67,d_61586847b7
q_236a4cda67,d_1bb696c3c5
q_236a4cda67,d_177212b4b9
q_236a4cda67,d_e8a3e8a9f6
q_23ad0d9fc8,d_10c30d1a6c
q_23ad0d9fc8,d_61586847b7
q_23ad0d9fc8,d_1bb696c3c5
q_23ad0d9fc8,d_177212b4b9
q_23ad0d9fc8,d_e8a3e8a9f6
q_24adb29200,d_10c30d1a6c
q_24adb29200,d_61586847b7
q_24adb29200,d_1bb696c3c5
q_24adb29200,d_177212b4b9
q_24adb29200,d_e8a3e8a9f6
q_2506cd385e,d_10c30d1a6c
q_2506cd385e,d_61586847b7
q_2506cd385e,d_1bb696c3c5
q_2506cd385e,d_177212b4b9
q_2506cd385e,d_e8a3e8a9f6
q_251740d870,d_10c30d1a6c
q_251740d870,d_61586847b7
q_251740d870,d_1bb696c3c5
q_251740d870,d_177212b4b9
q_251740d870,d_e8a3e8a9f6
q_25b8a7a444,d_10c30d1a6c
q_25b8a7a444,d_61586847b7
q_25b8a7a444,d_1bb696c3c5
q_25b8a7a444,d_177212b4b9
q_25b8a7a444,d_e8a3e8a9f6
q_25fd73f4ec,d_10c30d1a6c
q_25fd73f4ec,d_61586847b7
q_25fd73f4ec,d_1bb696c3c5
q_25fd73f4ec,d_177212b4b9
q_25fd73f4ec,d_e8a3e8a9f6
q_262118b063,d_10c30d1a6c
q_262118b063,d_61586847b7
q_262118b063,d_1bb696c3c5
q_262118b063,d_177212b4b9
q_262118b063,d_e8a3e8a9f6
q_269749e941,d_10c30d1a6c
q_269749e941,d_61586847b7
q_269749e941,d_1bb696c3c5
q_269749e941,d_177212b4b9
q_269749e941,d_e8a3e8a9f6
q_2800ddd9fe,d_10c30d1a6c
q_2800ddd9fe,d_61586847b7
q_2800ddd9fe,d_1bb696c3c5
q_2800ddd9fe,d_177212b4b9
q_2800ddd9fe,d_e8a3e8a9f6
q_292a6cfd59,d_10c30d1a6c
q_292a6cfd59,d_61586847b7
q_292a6cfd59,d_1bb696c3c5
q_292a6cfd59,d_177212b4b9
q_292a6cfd59,d_e8a3e8a9f6
q_2930c90f77,d_10c30d1a6c
q_2930c90f77,d_61586847b7
q_2930c90f77,d_1bb696c3c5
q_2930c90f77,d_177212b4b9
q_2930c90f77,d_e8a3e8a9f6
q_2986de26fe,d_10c30d1a6c
q_2986de26fe,d_61586847b7
q_2986de26fe,d_1bb696c3c5
q_2986de26fe,d_177212b4b9
q_2986de26fe,d_e8a3e8a9f6
q_29e278a340,d_10c30d1a6c
q_29e278a340,d_61586847b7
q_29e278a340,d_1bb696c3c5
q_29e278a340,d_177212b4b9
q_29e278a340,d_e8a3e8a9f6
q_29fb5c7188,d_10c30d1a6c
q_29fb5c7188,d_61586847b7
q_29fb5c7188,d_1bb696c3c5
q_29fb5c7188,d_177212b4b9
q_29fb5c7188,d_e8a3e8a9f6
q_2bbc27c84b,d_10c30d1a6c
q_2bbc27c84b,d_61586847b7
q_2bbc27c84b,d_1bb696c3c5
q_2bbc27c84b,d_177212b4b9
q_2bbc27c84b,d_e8a3e8a9f6
q_2e635ab8da,d_10c30d1a6c
q_2e635ab8da,d_61586847b7
q_2e635ab8da,d_1bb696c3c5
q_2e635ab8da,d_177212b4b9
q_2e635ab8da,d_e8a3e8a9f6
q_2e6f881b66,d_10c30d1a6c
q_2e6f881b66,d_61586847b7
q_2e6f881b66,d_1bb696c3c5
q_2e6f881b66,d_177212b4b9
q_2e6f881b66,d_e8a3e8a9f6
q_2e74c773a0,d_10c30d1a6c
q_2e74c773a0,d_61586847b7
q_2e74c773a0,d_1bb696c3c5
q_2e74c773a0,d_177212b4b9
q_2e74c773a0,d_e8a3e8a9f6
q_2ee1b0df1c,d_10c30d1a6c
q_2ee1b0df1c,d_61586847b7
q_2ee1b0df1c,d_1bb696c3c5
q_2ee1b0df1c,d_177212b4b9
q_2ee1b0df1c,d_e8a3e8a9f6
q_300cf43c72,d_10c30d1a6c
q_300cf43c72,d_61586847b7
q_300cf43c72,d_1bb696c3c5
q_300cf43c72,d_177212b4b9
q_300cf43c72,d_e8a3e8a9f6
q_302f62e0e1,d_10c30d1a6c
q_302f62e0e1,d_61586847b7
q_302f62e0e1,d_1bb696c3c5
q_302f62e0e1,d_177212b4b9
q_302f62e0e1,d_e8a3e8a9f6
q_311c05d8ee,d_10c30d1a6c
q_311c05d8ee,d_61586847b7
q_311c05d8ee,d_1bb696c3c5
q_311c05d8ee,d_177212b4b9
q_311c05d8ee,d_e8a3e8a9f6
q_314222c925,d_10c30d1a6c
q_314222c925,d_61586847b7
q_314222c925,d_1bb696c3c5
q_314222c925,d_177212b4b9
q_314222c925,d_e8a3e8a9f6
q_31aac1cbee,d_10c30d1a6c
q_31aac1cbee,d_61586847b7
q_31aac1cbee,d_1bb696c3c5
q_31aac1cbee,d_177212b4b9
q_31aac1cbee,d_e8a3e8a9f6
q_3273b27903,d_10c30d1a6c
q_3273b27903,d_61586847b7
q_3273b27903,d_1bb696c3c5
q_3273b27903,d_177212b4b9
q_3273b27903,d_e8a3e8a9f6
q_33ef441f19,d_10c30d1a6c
q_33ef441f19,d_61586847b7
q_33ef441f19,d_1bb696c3c5
q_33ef441f19,d_177212b4b9
q_33ef441f19,d_e8a3e8a9f6
q_34740c1779,d_10c30d1a6c
q_34740c1779,d_61586847b7
q_34740c1779,d_1bb696c3c5
q_34740c1779,d_177212b4b9
q_34740c1779,d_e8a3e8a9f6
q_3565c64453,d_10c30d1a6c
q_3565c64453,d_61586847b7
q_3565c64453,d_1bb696c3c5
q_3565c64453,d_177212b4b9
q_3565c64453,d_e8a3e8a9f6
q_365507011a,d_10c30d1a6c
q_365507011a,d_61586847b7
q_365507011a,d_1bb696c3c5
q_365507011a,d_177212b4b9
q_365507011a,d_e8a3e8a9f6
q_3719bfd16f,d_10c30d1a6c
q_3719bfd16f,d_61586847b7
q_3719bfd16f,d_1bb696c3c5
q_3719bfd16f,d_177212b4b9
q_3719bfd16f,d_e8a3e8a9f6
q_39e62e770c,d_10c30d1a6c
q_39e62e770c,d_61586847b7
q_39e62e770c,d_1bb696c3c5
q_39e62e770c,d_177212b4b9
q_39e62e770c,d_e8a3e8a9f6
q_39e6fe2b6b,d_10c30d1a6c
q_39e6fe2b6b,d_61586847b7
q_39e6fe2b6b,d_1bb696c3c5
q_39e6fe2b6b,d_177212b4b9
q_39e6fe2b6b,d_e8a3e8a9f6
q_39f8ebaa7c,d_10c30d1a6c
q_39f8ebaa7c,d_61586847b7
q_39f8ebaa7c,d_1bb696c3c5
q_39f8ebaa7c,d_177212b4b9
q_39f8ebaa7c,d_e8a3e8a9f6
q_3a7f950d91,d_10c30d1a6c
q_3a7f950d91,d_61586847b7
q_3a7f950d91,d_1bb696c3c5
q_3a7f950d91,d_177212b4b9
q_3a7f950d91,d_e8a3e8a9f6
q_3a8c24dde2,d_10c30d1a6c
q_3a8c24dde2,d_61586847b7
q_3a8c24dde2,d_1bb696c3c5
q_3a8c24dde2,d_177212b4b9
q_3a8c24dde2,d_e8a3e8a9f6
q_3c1b171aaf,d_10c30d1a6c
q_3c1b171aaf,d_61586847b7
q_3c1b171aaf,d_1bb696c3c5
q_3c1b171aaf,d_177212b4b9
q_3c1b171aaf,d_e8a3e8a9f6
q_3ca3a327a1,d_10c30d1a6c
q_3ca3a327a1,d_61586847b7
q_3ca3a327a1,d_1bb696c3c5
q_3ca3a327a1,d_177212b4b9
q_3ca3a327a1,d_e8a3e8a9f6
q_3cbf12b258,d_10c30d1a6c
q_3cbf12b258,d_61586847b7
q_3cbf12b258,d_1bb696c3c5
q_3cbf12b258,d_177212b4b9
q_3cbf12b258,d_e8a3e8a9f6
q_3dbbecaa18,d_10c30d1a6c
q_3dbbecaa18,d_61586847b7
q_3dbbecaa18,d_1bb696c3c5
q_3dbbecaa18,d_177212b4b9
q_3dbbecaa18,d_e8a3e8a9f6
q_3e680f9829,d_10c30d1a6c
q_3e680f9829,d_61586847b7
q_3e680f9829,d_1bb696c3c5
q_3e680f9829,d_177212b4b9
q_3e680f9829,d_e8a3e8a9f6
q_400ea36015,d_10c30d1a6c
q_400ea36015,d_61586847b7
q_400ea36015,d_1bb696c3c5
q_400ea36015,d_177212b4b9
q_400ea36015,d_e8a3e8a9f6
q_403f54a7ca,d_10c30d1a6c
q_403f54a7ca,d_61586847b7
q_403f54a7ca,d_1bb696c3c5
q_403f54a7ca,d_177212b4b9
q_403f54a7ca,d_e8a3e8a9f6
q_4044c42021,d_10c30d1a6c
q_4044c42021,d_61586847b7
q_4044c42021,d_1bb696c3c5
q_4044c42021,d_177212b4b9
q_4044c42021,d_e8a3e8a9f6
q_40ea68b6ed,d_10c30d1a6c
q_40ea68b6ed,d_61586847b7
q_40ea68b6ed,d_1bb696c3c5
q_40ea68b6ed,d_177212b4b9
q_40ea68b6ed,d_e8a3e8a9f6
q_41cebe5bde,d_10c30d1a6c
q_41cebe5bde,d_61586847b7
q_41cebe5bde,d_1bb696c3c5
q_41cebe5bde,d_177212b4b9
q_41cebe5bde,d_e8a3e8a9f6
q_428df6ea3d,d_10c30d1a6c
q_428df6ea3d,d_61586847b7
q_428df6ea3d,d_1bb696c3c5
q_428df6ea3d,d_177212b4b9
q_428df6ea3d,d_e8a3e8a9f6
q_43570439a0,d_10c30d1a6c
q_43570439a0,d_61586847b7
q_43570439a0,d_1bb696c3c5
q_43570439a0,d_177212b4b9
q_43570439a0,d_e8a3e8a9f6
q_45509ce6a1,d_10c30d1a6c
q_45509ce6a1,d_61586847b7
q_45509ce6a1,d_1bb696c3c5
q_45509ce6a1,d_177212b4b9
q_45509ce6a1,d_e8a3e8a9f6
q_45b6f36f87,d_10c30d1a6c
q_45b6f36f87,d_61586847b7
q_45b6f36f87,d_1bb696c3c5
q_45b6f36f87,d_177212b4b9
q_45b6f36f87,d_e8a3e8a9f6
q_463426eeb0,d_10c30d1a6c
q_463426eeb0,d_61586847b7
q_463426eeb0,d_1bb696c3c5
q_463426eeb0,d_177212b4b9
q_463426eeb0,d_e8a3e8a9f6
q_4665ccaf63,d_10c30d1a6c
q_4665ccaf63,d_61586847b7
q_4665ccaf63,d_1bb696c3c5
q_4665ccaf63,d_177212b4b9
q_4665ccaf63,d_e8a3e8a9f6
q_46fc2a1fbf,d_10c30d1a6c
q_46fc2a1fbf,d_61586847b7
q_46fc2a1fbf,d_1bb696c3c5
q_46fc2a1fbf,d_177212b4b9
q_46fc2a1fbf,d_e8a3e8a9f6
q_470d839b96,d_10c30d1a6c
q_470d839b96,d_61586847b7
q_470d839b96,d_1bb696c3c5
q_470d839b96,d_177212b4b9
q_470d839b96,d_e8a3e8a9f6
q_47120080c9,d_10c30d1a6c
q_47120080c9,d_61586847b7
q_47120080c9,d_1bb696c3c5
q_47120080c9,d_177212b4b9
q_47120080c9,d_e8a3e8a9f6
q_47336eef18,d_10c30d1a6c
q_47336eef18,d_61586847b7
q_47336eef18,d_1bb696c3c5
q_47336eef18,d_177212b4b9
q_47336eef18,d_e8a3e8a9f6
q_48aa62669d,d_10c30d1a6c
q_48aa62669d,d_61586847b7
q_48aa62669d,d_1bb696c3c5
q_48aa62669d,d_177212b4b9
q_48aa62669d,d_e8a3e8a9f6
q_492bba1a83,d_10c30d1a6c
q_492bba1a83,d_61586847b7
q_492bba1a83,d_1bb696c3c5
q_492bba1a83,d_177212b4b9
q_492bba1a83,d_e8a3e8a9f6
q_49e43de410,d_10c30d1a6c
q_49e43de410,d_61586847b7
q_49e43de410,d_1bb696c3c5
q_49e43de410,d_177212b4b9
q_49e43de410,d_e8a3e8a9f6
q_4a0a988c55,d_10c30d1a6c
q_4a0a988c55,d_61586847b7
q_4a0a988c55,d_1bb696c3c5
q_4a0a988c55,d_177212b4b9
q_4a0a988c55,d_e8a3e8a9f6
q_4ab777f507,d_10c30d1a6c
q_4ab777f507,d_61586847b7
q_4ab777f507,d_1bb696c3c5
q_4ab777f507,d_177212b4b9
q_4ab777f507,d_e8a3e8a9f6
q_4cba0b1561,d_10c30d1a6c
q_4cba0b1561,d_61586847b7
q_4cba0b1561,d_1bb696c3c5
q_4cba0b1561,d_177212b4b9
q_4cba0b1561,d_e8a3e8a9f6
q_4d37fd5723,d_10c30d1a6c
q_4d37fd5723,d_61586847b7
q_4d37fd5723,d_1bb696c3c5
q_4d37fd5723,d_177212b4b9
q_4d37fd5723,d_e8a3e8a9f6
q_4d4830826e,d_10c30d1a6c
q_4d4830826e,d_61586847b7
q_4d4830826e,d_1bb696c3c5
q_4d4830826e,d_177212b4b9
q_4d4830826e,d_e8a3e8a9f6
q_4d73fca660,d_10c30d1a6c
q_4d73fca660,d_61586847b7
q_4d73fca660,d_1bb696c3c5
q_4d73fca660,d_177212b4b9
q_4d73fca660,d_e8a3e8a9f6
q_4e90ebf502,d_10c30d1a6c
q_4e90ebf502,d_61586847b7
q_4e90ebf502,d_1bb696c3c5
q_4e90ebf502,d_177212b4b9
q_4e90ebf502,d_e8a3e8a9f6
q_4ed581103d,d_10c30d1a6c
q_4ed581103d,d_61586847b7
q_4ed581103d,d_1bb696c3c5
q_4ed581103d,d_177212b4b9
q_4ed581103d,d_e8a3e8a9f6
q_4f4067a9a3,d_10c30d1a6c
q_4f4067a9a3,d_61586847b7
q_4f4067a9a3,d_1bb696c3c5
q_4f4067a9a3,d_177212b4b9
q_4f4067a9a3,d_e8a3e8a9f6
q_5024102ee0,d_10c30d1a6c
q_5024102ee0,d_61586847b7
q_5024102ee0,d_1bb696c3c5
q_5024102ee0,d_177212b4b9
q_5024102ee0,d_e8a3e8a9f6
q_504a172e9f,d_10c30d1a6c
q_504a172e9f,d_61586847b7
q_504a172e9f,d_1bb696c3c5
q_504a172e9f,d_177212b4b9
q_504a172e9f,d_e8a3e8a9f6
q_5172abce3b,d_10c30d1a6c
q_5172abce3b,d_61586847b7
q_5172abce3b,d_1bb696c3c5
q_5172abce3b,d_177212b4b9
q_5172abce3b,d_e8a3e8a9f6
q_51cd6a6fa3,d_10c30d1a6c
q_51cd6a6fa3,d_61586847b7
q_51cd6a6fa3,d_1bb696c3c5
q_51cd6a6fa3,d_177212b4b9
q_51cd6a6fa3,d_e8a3e8a9f6
q_53923fd5a6,d_10c30d1a6c
q_53923fd5a6,d_61586847b7
q_53923fd5a6,d_1bb696c3c5
q_53923fd5a6,d_177212b4b9
q_53923fd5a6,d_e8a3e8a9f6
q_541a1a4d97,d_10c30d1a6c
q_541a1a4d97,d_61586847b7
q_541a1a4d97,d_1bb696c3c5
q_541a1a4d97,d_177212b4b9
q_541a1a4d97,d_e8a3e8a9f6
q_549542ec55,d_10c30d1a6c
q_549542ec55,d_61586847b7
q_549542ec55,d_1bb696c3c5
q_549542ec55,d_177212b4b9
q_549542ec55,d_e8a3e8a9f6
q_55e544a16a,d_10c30d1a6c
q_55e544a16a,d_61586847b7
q_55e544a16a,d_1bb696c3c5
q_55e544a16a,d_177212b4b9
q_55e544a16a,d_e8a3e8a9f6
q_55edb62ec7,d_10c30d1a6c
q_55edb62ec7,d_61586847b7
q_55edb62ec7,d_1bb696c3c5
q_55edb62ec7,d_177212b4b9
q_55edb62ec7,d_e8a3e8a9f6
q_55f7725a2c,d_10c30d1a6c
q_55f7725a2c,d_61586847b7
q_55f7725a2c,d_1bb696c3c5
q_55f7725a2c,d_177212b4b9
q_55f7725a2c,d_e8a3e8a9f6
q_564b07f4fe,d_10c30d1a6c
q_564b07f4fe,d_61586847b7
q_564b07f4fe,d_1bb696c3c5
q_564b07f4fe,d_177212b4b9
q_564b07f4fe,d_e8a3e8a9f6
q_586f5f11e8,d_10c30d1a6c
q_586f5f11e8,d_61586847b7
q_586f5f11e8,d_1bb696c3c5
q_586f5f11e8,d_177212b4b9
q_586f5f11e8,d_e8a3e8a9f6
q_589ca38a8f,d_10c30d1a6c
q_589ca38a8f,d_61586847b7
q_589ca38a8f,d_1bb696c3c5
q_589ca38a8f,d_177212b4b9
q_589ca38a8f,d_e8a3e8a9f6
q_591ed8b2ab,d_10c30d1a6c
q_591ed8b2ab,d_61586847b7
q_591ed8b2ab,d_1bb696c3c5
q_591ed8b2ab,d_177212b4b9
q_591ed8b2ab,d_e8a3e8a9f6
q_5b7d3d1876,d_10c30d1a6c
q_5b7d3d1876,d_61586847b7
q_5b7d3d1876,d_1bb696c3c5
q_5b7d3d1876,d_177212b4b9
q_5b7d3d1876,d_e8a3e8a9f6
q_5e290d3845,d_10c30d1a6c
q_5e290d3845,d_61586847b7
q_5e290d3845,d_1bb696c3c5
q_5e290d3845,d_177212b4b9
q_5e290d3845,d_e8a3e8a9f6
q_607cd54c2a,d_10c30d1a6c
q_607cd54c2a,d_61586847b7
q_607cd54c2a,d_1bb696c3c5
q_607cd54c2a,d_177212b4b9
q_607cd54c2a,d_e8a3e8a9f6
q_619c4c5097,d_10c30d1a6c
q_619c4c5097,d_61586847b7
q_619c4c5097,d_1bb696c3c5
q_619c4c5097,d_177212b4b9
q_619c4c5097,d_e8a3e8a9f6
q_61d7d3efa5,d_10c30d1a6c
q_61d7d3efa5,d_61586847b7
q_61d7d3efa5,d_1bb696c3c5
q_61d7d3efa5,d_177212b4b9
q_61d7d3efa5,d_e8a3e8a9f6
q_63679e1689,d_10c30d1a6c
q_63679e1689,d_61586847b7
q_63679e1689,d_1bb696c3c5
q_63679e1689,d_177212b4b9
q_63679e1689,d_e8a3e8a9f6
q_63be7dd95b,d_10c30d1a6c
q_63be7dd95b,d_61586847b7
q_63be7dd95b,d_1bb696c3c5
q_63be7dd95b,d_177212b4b9
q_63be7dd95b,d_e8a3e8a9f6
q_659bc5f22d,d_10c30d1a6c
q_659bc5f22d,d_61586847b7
q_659bc5f22d,d_1bb696c3c5
q_659bc5f22d,d_177212b4b9
q_659bc5f22d,d_e8a3e8a9f6
q_660c4d7394,d_10c30d1a6c
q_660c4d7394,d_61586847b7
q_660c4d7394,d_1bb696c3c5
q_660c4d7394,d_177212b4b9
q_660c4d7394,d_e8a3e8a9f6
q_6653c053c2,d_10c30d1a6c
q_6653c053c2,d_61586847b7
q_6653c053c2,d_1bb696c3c5
q_6653c053c2,d_177212b4b9
q_6653c053c2,d_e8a3e8a9f6
q_688d5dd4eb,d_10c30d1a6c
q_688d5dd4eb,d_61586847b7
q_688d5dd4eb,d_1bb696c3c5
q_688d5dd4eb,d_177212b4b9
q_688d5dd4eb,d_e8a3e8a9f6
q_68c397b25c,d_10c30d1a6c
q_68c397b25c,d_61586847b7
q_68c397b25c,d_1bb696c3c5
q_68c397b25c,d_177212b4b9
q_68c397b25c,d_e8a3e8a9f6
q_68f51eb9f2,d_10c30d1a6c
q_68f51eb9f2,d_61586847b7
q_68f51eb9f2,d_1bb696c3c5
q_68f51eb9f2,d_177212b4b9
q_68f51eb9f2,d_e8a3e8a9f6
q_6a4cd25395,d_10c30d1a6c
q_6a4cd25395,d_61586847b7
q_6a4cd25395,d_1bb696c3c5
q_6a4cd25395,d_177212b4b9
q_6a4cd25395,d_e8a3e8a9f6
q_6a5ab7b092,d_10c30d1a6c
q_6a5ab7b092,d_61586847b7
q_6a5ab7b092,d_1bb696c3c5
q_6a5ab7b092,d_177212b4b9
q_6a5ab7b092,d_e8a3e8a9f6
q_6aa8df1688,d_10c30d1a6c
q_6aa8df1688,d_61586847b7
q_6aa8df1688,d_1bb696c3c5
q_6aa8df1688,d_177212b4b9
q_6aa8df1688,d_e8a3e8a9f6
q_6b592e1721,d_10c30d1a6c
q_6b592e1721,d_61586847b7
q_6b592e1721,d_1bb696c3c5
q_6b592e1721,d_177212b4b9
q_6b592e1721,d_e8a3e8a9f6
q_6b643f044c,d_10c30d1a6c
q_6b643f044c,d_61586847b7
q_6b643f044c,d_1bb696c3c5
q_6b643f044c,d_177212b4b9
q_6b643f044c,d_e8a3e8a9f6
q_6c620cdfcc,d_10c30d1a6c
q_6c620cdfcc,d_61586847b7
q_6c620cdfcc,d_1bb696c3c5
q_6c620cdfcc,d_177212b4b9
q_6c620cdfcc,d_e8a3e8a9f6
q_6c6aba45fc,d_10c30d1a6c
q_6c6aba45fc,d_61586847b7
q_6c6aba45fc,d_1bb696c3c5
q_6c6aba45fc,d_177212b4b9
q_6c6aba45fc,d_e8a3e8a9f6
q_6d2bbeaddc,d_10c30d1a6c
q_6d2bbeaddc,d_61586847b7
q_6d2bbeaddc,d_1bb696c3c5
q_6d2bbeaddc,d_177212b4b9
q_6d2bbeaddc,d_e8a3e8a9f6
q_6fe4d51b84,d_10c30d1a6c
q_6fe4d51b84,d_61586847b7
q_6fe4d51b84,d_1bb696c3c5
q_6fe4d51b84,d_177212b4b9
q_6fe4d51b84,d_e8a3e8a9f6
q_6ff730efd6,d_10c30d1a6c
q_6ff730efd6,d_61586847b7
q_6ff730efd6,d_1bb696c3c5
q_6ff730efd6,d_177212b4b9
q_6ff730efd6,d_e8a3e8a9f6
q_7106deef4d,d_10c30d1a6c
q_7106deef4d,d_61586847b7
q_7106deef4d,d_1bb696c3c5
q_7106deef4d,d_177212b4b9
q_7106deef4d,d_e8a3e8a9f6
q_741405dd38,d_10c30d1a6c
q_741405dd38,d_61586847b7
q_741405dd38,d_1bb696c3c5
q_741405dd38,d_177212b4b9
q_741405dd38,d_e8a3e8a9f6
q_7465db3161,d_10c30d1a6c
q_7465db3161,d_61586847b7
q_7465db3161,d_1bb696c3c5
q_7465db3161,d_177212b4b9
q_7465db3161,d_e8a3e8a9f6
q_74b8864b3f,d_10c30d1a6c
q_74b8864b3f,d_61586847b7
q_74b8864b3f,d_1bb696c3c5
q_74b8864b3f,d_177212b4b9
q_74b8864b3f,d_e8a3e8a9f6
q_74ccd49bbd,d_10c30d1a6c
q_74ccd49bbd,d_61586847b7
q_74ccd49bbd,d_1bb696c3c5
q_74ccd49bbd,d_177212b4b9
q_74ccd49bbd,d_e8a3e8a9f6
q_75309964a5,d_10c30d1a6c
q_75309964a5,d_61586847b7
q_75309964a5,d_1bb696c3c5
q_75309964a5,d_177212b4b9
q_75309964a5,d_e8a3e8a9f6
q_75436abe28,d_10c30d1a6c
q_75436abe28,d_61586847b7
q_75436abe28,d_1bb696c3c5
q_75436abe28,d_177212b4b9
q_75436abe28,d_e8a3e8a9f6
q_76151db2ff,d_10c30d1a6c
q_76151db2ff,d_61586847b7
q_76151db2ff,d_1bb696c3c5
q_76151db2ff,d_177212b4b9
q_76151db2ff,d_e8a3e8a9f6
q_7628f58483,d_10c30d1a6c
q_7628f58483,d_61586847b7
q_7628f58483,d_1bb696c3c5
q_7628f58483,d_177212b4b9
q_7628f58483,d_e8a3e8a9f6
q_763f0aa646,d_10c30d1a6c
q_763f0aa646,d_61586847b7
q_763f0aa646,d_1bb696c3c5
q_763f0aa646,d_177212b4b9
q_763f0aa646,d_e8a3e8a9f6
q_77aedbf292,d_10c30d1a6c
q_77aedbf292,d_61586847b7
q_77aedbf292,d_1bb696c3c5
q_77aedbf292,d_177212b4b9
q_77aedbf292,d_e8a3e8a9f6
q_7880881c42,d_10c30d1a6c
q_7880881c42,d_61586847b7
q_7880881c42,d_1bb696c3c5
q_7880881c42,d_177212b4b9
q_7880881c42,d_e8a3e8a9f6
q_7af589752e,d_10c30d1a6c
q_7af589752e,d_61586847b7
q_7af589752e,d_1bb696c3c5
q_7af589752e,d_177212b4b9
q_7af589752e,d_e8a3e8a9f6
q_7b1f1cfcc4,d_10c30d1a6c
q_7b1f1cfcc4,d_61586847b7
q_7b1f1cfcc4,d_1bb696c3c5
q_7b1f1cfcc4,d_177212b4b9
q_7b1f1cfcc4,d_e8a3e8a9f6
q_7e7d65485f,d_10c30d1a6c
q_7e7d65485f,d_61586847b7
q_7e7d65485f,d_1bb696c3c5
q_7e7d65485f,d_177212b4b9
q_7e7d65485f,d_e8a3e8a9f6
q_7eb1889589,d_10c30d1a6c
q_7eb1889589,d_61586847b7
q_7eb1889589,d_1bb696c3c5
q_7eb1889589,d_177212b4b9
q_7eb1889589,d_e8a3e8a9f6
q_80a3c28021,d_10c30d1a6c
q_80a3c28021,d_61586847b7
q_80a3c28021,d_1bb696c3c5
q_80a3c28021,d_177212b4b9
q_80a3c28021,d_e8a3e8a9f6
q_81d075019a,d_10c30d1a6c
q_81d075019a,d_61586847b7
q_81d075019a,d_1bb696c3c5
q_81d075019a,d_177212b4b9
q_81d075019a,d_e8a3e8a9f6
q_8221693125,d_10c30d1a6c
q_8221693125,d_61586847b7
q_8221693125,d_1bb696c3c5
q_8221693125,d_177212b4b9
q_8221693125,d_e8a3e8a9f6
q_8319da06a6,d_10c30d1a6c
q_8319da06a6,d_61586847b7
q_8319da06a6,d_1bb696c3c5
q_8319da06a6,d_177212b4b9
q_8319da06a6,d_e8a3e8a9f6
q_837f3eae01,d_10c30d1a6c
q_837f3eae01,d_61586847b7
q_837f3eae01,d_1bb696c3c5
q_837f3eae01,d_177212b4b9
q_837f3eae01,d_e8a3e8a9f6
q_85347119e4,d_10c30d1a6c
q_85347119e4,d_61586847b7
q_85347119e4,d_1bb696c3c5
q_85347119e4,d_177212b4b9
q_85347119e4,d_e8a3e8a9f6
q_85a26aff00,d_10c30d1a6c
q_85a26aff00,d_61586847b7
q_85a26aff00,d_1bb696c3c5
q_85a26aff00,d_177212b4b9
q_85a26aff00,d_e8a3e8a9f6
q_86101381be,d_10c30d1a6c
q_86101381be,d_61586847b7
q_86101381be,d_1bb696c3c5
q_86101381be,d_177212b4b9
q_86101381be,d_e8a3e8a9f6
q_8659d7a734,d_10c30d1a6c
q_8659d7a734,d_61586847b7
q_8659d7a734,d_1bb696c3c5
q_8659d7a734,d_177212b4b9
q_8659d7a734,d_e8a3e8a9f6
q_87226f703a,d_10c30d1a6c
q_87226f703a,d_61586847b7
q_87226f703a,d_1bb696c3c5
q_87226f703a,d_177212b4b9
q_87226f703a,d_e8a3e8a9f6
q_8723c1494b,d_10c30d1a6c
q_8723c1494b,d_61586847b7
q_8723c1494b,d_1bb696c3c5
q_8723c1494b,d_177212b4b9
q_8723c1494b,d_e8a3e8a9f6
q_87ef90f271,d_10c30d1a6c
q_87ef90f271,d_61586847b7
q_87ef90f271,d_1bb696c3c5
q_87ef90f271,d_177212b4b9
q_87ef90f271,d_e8a3e8a9f6
q_8892c3829e,d_10c30d1a6c
q_8892c3829e,d_61586847b7
q_8892c3829e,d_1bb696c3c5
q_8892c3829e,d_177212b4b9
q_8892c3829e,d_e8a3e8a9f6
q_89244eeff0,d_10c30d1a6c
q_89244eeff0,d_61586847b7
q_89244eeff0,d_1bb696c3c5
q_89244eeff0,d_177212b4b9
q_89244eeff0,d_e8a3e8a9f6
q_897a22c66f,d_10c30d1a6c
q_897a22c66f,d_61586847b7
q_897a22c66f,d_1bb696c3c5
q_897a22c66f,d_177212b4b9
q_897a22c66f,d_e8a3e8a9f6
q_8a9ceefa7d,d_10c30d1a6c
q_8a9ceefa7d,d_61586847b7
q_8a9ceefa7d,d_1bb696c3c5
q_8a9ceefa7d,d_177212b4b9
q_8a9ceefa7d,d_e8a3e8a9f6
q_8b14732d6c,d_10c30d1a6c
q_8b14732d6c,d_61586847b7
q_8b14732d6c,d_1bb696c3c5
q_8b14732d6c,d_177212b4b9
q_8b14732d6c,d_e8a3e8a9f6
q_8b70a577bb,d_10c30d1a6c
q_8b70a577bb,d_61586847b7
q_8b70a577bb,d_1bb696c3c5
q_8b70a577bb,d_177212b4b9
q_8b70a577bb,d_e8a3e8a9f6
q_8c4d40c63b,d_10c30d1a6c
q_8c4d40c63b,d_61586847b7
q_8c4d40c63b,d_1bb696c3c5
q_8c4d40c63b,d_177212b4b9
q_8c4d40c63b,d_e8a3e8a9f6
q_8c814d99b0,d_10c30d1a6c
q_8c814d99b0,d_61586847b7
q_8c814d99b0,d_1bb696c3c5
q_8c814d99b0,d_177212b4b9
q_8c814d99b0,d_e8a3e8a9f6
q_8c90eb7f9b,d_10c30d1a6c
q_8c90eb7f9b,d_61586847b7
q_8c90eb7f9b,d_1bb696c3c5
q_8c90eb7f9b,d_177212b4b9
q_8c90eb7f9b,d_e8a3e8a9f6
q_8d4d8a4155,d_10c30d1a6c
q_8d4d8a4155,d_61586847b7
q_8d4d8a4155,d_1bb696c3c5
q_8d4d8a4155,d_177212b4b9
q_8d4d8a4155,d_e8a3e8a9f6
q_8dbfed14b3,d_10c30d1a6c
q_8dbfed14b3,d_61586847b7
q_8dbfed14b3,d_1bb696c3c5
q_8dbfed14b3,d_177212b4b9
q_8dbfed14b3,d_e8a3e8a9f6
q_8e310f56cd,d_10c30d1a6c
q_8e310f56cd,d_61586847b7
q_8e310f56cd,d_1bb696c3c5
q_8e310f56cd,d_177212b4b9
q_8e310f56cd,d_e8a3e8a9f6
q_8ef19770eb,d_10c30d1a6c
q_8ef19770eb,d_61586847b7
q_8ef19770eb,d_1bb696c3c5
q_8ef19770eb,d_177212b4b9
q_8ef19770eb,d_e8a3e8a9f6
q_8f039df1fd,d_10c30d1a6c
q_8f039df1fd,d_61586847b7
q_8f039df1fd,d_1bb696c3c5
q_8f039df1fd,d_177212b4b9
q_8f039df1fd,d_e8a3e8a9f6
q_8fa3eec1ac,d_10c30d1a6c
q_8fa3eec1ac,d_61586847b7
q_8fa3eec1ac,d_1bb696c3c5
q_8fa3eec1ac,d_177212b4b9
q_8fa3eec1ac,d_e8a3e8a9f6
q_91122fd81e,d_10c30d1a6c
q_91122fd81e,d_61586847b7
q_91122fd81e,d_1bb696c3c5
q_91122fd81e,d_177212b4b9
q_91122fd81e,d_e8a3e8a9f6
q_916205338d,d_10c30d1a6c
q_916205338d,d_61586847b7
q_916205338d,d_1bb696c3c5
q_916205338d,d_177212b4b9
q_916205338d,d_e8a3e8a9f6
q_920a36fe22,d_10c30d1a6c
q_920a36fe22,d_61586847b7
q_920a36fe22,d_1bb696c3c5
q_920a36fe22,d_177212b4b9
q_920a36fe22,d_e8a3e8a9f6
q_924d750161,d_10c30d1a6c
q_924d750161,d_61586847b7
q_924d750161,d_1bb696c3c5
q_924d750161,d_177212b4b9
q_924d750161,d_e8a3e8a9f6
q_92940ed0ff,d_10c30d1a6c
q_92940ed0ff,d_61586847b7
q_92940ed0ff,d_1bb696c3c5
q_92940ed0ff,d_177212b4b9
q_92940ed0ff,d_e8a3e8a9f6
q_92b69b64e7,d_10c30d1a6c
q_92b69b64e7,d_61586847b7
q_92b69b64e7,d_1bb696c3c5
q_92b69b64e7,d_177212b4b9
q_92b69b64e7,d_e8a3e8a9f6
q_92bc466e9e,d_10c30d1a6c
q_92bc466e9e,d_61586847b7
q_92bc466e9e,d_1bb696c3c5
q_92bc466e9e,d_177212b4b9
q_92bc466e9e,d_e8a3e8a9f6
q_935ab54eed,d_10c30d1a6c
q_935ab54eed,d_61586847b7
q_935ab54eed,d_1bb696c3c5
q_935ab54eed,d_177212b4b9
q_935ab54eed,d_e8a3e8a9f6
q_958dccf55d,d_10c30d1a6c
q_958dccf55d,d_61586847b7
q_958dccf55d,d_1bb696c3c5
q_958dccf55d,d_177212b4b9
q_958dccf55d,d_e8a3e8a9f6
q_95d079c924,d_10c30d1a6c
q_95d079c924,d_61586847b7
q_95d079c924,d_1bb696c3c5
q_95d079c924,d_177212b4b9
q_95d079c924,d_e8a3e8a9f6
q_98c52e4d1c,d_10c30d1a6c
q_98c52e4d1c,d_61586847b7
q_98c52e4d1c,d_1bb696c3c5
q_98c52e4d1c,d_177212b4b9
q_98c52e4d1c,d_e8a3e8a9f6
q_9a55c125fc,d_10c30d1a6c
q_9a55c125fc,d_61586847b7
q_9a55c125fc,d_1bb696c3c5
q_9a55c125fc,d_177212b4b9
q_9a55c125fc,d_e8a3e8a9f6
q_9a7e81165f,d_10c30d1a6c
q_9a7e81165f,d_61586847b7
q_9a7e81165f,d_1bb696c3c5
q_9a7e81165f,d_177212b4b9
q_9a7e81165f,d_e8a3e8a9f6
q_9cdef9a470,d_10c30d1a6c
q_9cdef9a470,d_61586847b7
q_9cdef9a470,d_1bb696c3c5
q_9cdef9a470,d_177212b4b9
q_9cdef9a470,d_e8a3e8a9f6
q_9d8a46177a,d_10c30d1a6c
q_9d8a46177a,d_61586847b7
q_9d8a46177a,d_1bb696c3c5
q_9d8a46177a,d_177212b4b9
q_9d8a46177a,d_e8a3e8a9f6
q_9db0d94de9,d_10c30d1a6c
q_9db0d94de9,d_61586847b7
q_9db0d94de9,d_1bb696c3c5
q_9db0d94de9,d_177212b4b9
q_9db0d94de9,d_e8a3e8a9f6
q_9de73957c3,d_10c30d1a6c
q_9de73957c3,d_61586847b7
q_9de73957c3,d_1bb696c3c5
q_9de73957c3,d_177212b4b9
q_9de73957c3,d_e8a3e8a9f6
q_9e50cf4164,d_10c30d1a6c
q_9e50cf4164,d_61586847b7
q_9e50cf4164,d_1bb696c3c5
q_9e50cf4164,d_177212b4b9
q_9e50cf4164,d_e8a3e8a9f6
q_a05adafb03,d_10c30d1a6c
q_a05adafb03,d_61586847b7
q_a05adafb03,d_1bb696c3c5
q_a05adafb03,d_177212b4b9
q_a05adafb03,d_e8a3e8a9f6
q_a09f4be04e,d_10c30d1a6c
q_a09f4be04e,d_61586847b7
q_a09f4be04e,d_1bb696c3c5
q_a09f4be04e,d_177212b4b9
q_a09f4be04e,d_e8a3e8a9f6
q_a0a7ddd9bd,d_10c30d1a6c
q_a0a7ddd9bd,d_61586847b7
q_a0a7ddd9bd,d_1bb696c3c5
q_a0a7ddd9bd,d_177212b4b9
q_a0a7ddd9bd,d_e8a3e8a9f6
q_a10b70c774,d_10c30d1a6c
q_a10b70c774,d_61586847b7
q_a10b70c774,d_1bb696c3c5
q_a10b70c774,d_177212b4b9
q_a10b70c774,d_e8a3e8a9f6
q_a1f8448ab2,d_10c30d1a6c
q_a1f8448ab2,d_61586847b7
q_a1f8448ab2,d_1bb696c3c5
q_a1f8448ab2,d_177212b4b9
q_a1f8448ab2,d_e8a3e8a9f6
q_a3289a5943,d_10c30d1a6c
q_a3289a5943,d_61586847b7
q_a3289a5943,d_1bb696c3c5
q_a3289a5943,d_177212b4b9
q_a3289a5943,d_e8a3e8a9f6
q_a3bae8a341,d_10c30d1a6c
q_a3bae8a341,d_61586847b7
q_a3bae8a341,d_1bb696c3c5
q_a3bae8a341,d_177212b4b9
q_a3bae8a341,d_e8a3e8a9f6
q_a54b01c212,d_10c30d1a6c
q_a54b01c212,d_61586847b7
q_a54b01c212,d_1bb696c3c5
q_a54b01c212,d_177212b4b9
q_a54b01c212,d_e8a3e8a9f6
q_a5af951077,d_10c30d1a6c
q_a5af951077,d_61586847b7
q_a5af951077,d_1bb696c3c5
q_a5af951077,d_177212b4b9
q_a5af951077,d_e8a3e8a9f6
q_a6ee578a69,d_10c30d1a6c
q_a6ee578a69,d_61586847b7
q_a6ee578a69,d_1bb696c3c5
q_a6ee578a69,d_177212b4b9
q_a6ee578a69,d_e8a3e8a9f6
q_a76a42e67b,d_10c30d1a6c
q_a76a42e67b,d_61586847b7
q_a76a42e67b,d_1bb696c3c5
q_a76a42e67b,d_177212b4b9
q_a76a42e67b,d_e8a3e8a9f6
q_a77409afb9,d_10c30d1a6c
q_a77409afb9,d_61586847b7
q_a77409afb9,d_1bb696c3c5
q_a77409afb9,d_177212b4b9
q_a77409afb9,d_e8a3e8a9f6
q_a930eaebdb,d_10c30d1a6c
q_a930eaebdb,d_61586847b7
q_a930eaebdb,d_1bb696c3c5
q_a930eaebdb,d_177212b4b9
q_a930eaebdb,d_e8a3e8a9f6
q_a94734c54e,d_10c30d1a6c
q_a94734c54e,d_61586847b7
q_a94734c54e,d_1bb696c3c5
q_a94734c54e,d_177212b4b9
q_a94734c54e,d_e8a3e8a9f6
q_a9ebe48bb4,d_10c30d1a6c
q_a9ebe48bb4,d_61586847b7
q_a9ebe48bb4,d_1bb696c3c5
q_a9ebe48bb4,d_177212b4b9
q_a9ebe48bb4,d_e8a3e8a9f6
q_aaa48facd1,d_10c30d1a6c
q_aaa48facd1,d_61586847b7
q_aaa48facd1,d_1bb696c3c5
q_aaa48facd1,d_177212b4b9
q_aaa48facd1,d_e8a3e8a9f6
q_abd64de1b2,d_10c30d1a6c
q_abd64de1b2,d_61586847b7
q_abd64de1b2,d_1bb696c3c5
q_abd64de1b2,d_177212b4b9
q_abd64de1b2,d_e8a3e8a9f6
q_ac3ad6044e,d_10c30d1a6c
q_ac3ad6044e,d_61586847b7
q_ac3ad6044e,d_1bb696c3c5
q_ac3ad6044e,d_177212b4b9
q_ac3ad6044e,d_e8a3e8a9f6
q_ac79620ead,d_10c30d1a6c
q_ac79620ead,d_61586847b7
q_ac79620ead,d_1bb696c3c5
q_ac79620ead,d_177212b4b9
q_ac79620ead,d_e8a3e8a9f6
q_ae9804b763,d_10c30d1a6c
q_ae9804b763,d_61586847b7
q_ae9804b763,d_1bb696c3c5
q_ae9804b763,d_177212b4b9
q_ae9804b763,d_e8a3e8a9f6
q_aeccfabcff,d_10c30d1a6c
q_aeccfabcff,d_61586847b7
q_aeccfabcff,d_1bb696c3c5
q_aeccfabcff,d_177212b4b9
q_aeccfabcff,d_e8a3e8a9f6
q_af15c9c080,d_10c30d1a6c
q_af15c9c080,d_61586847b7
q_af15c9c080,d_1bb696c3c5
q_af15c9c080,d_177212b4b9
q_af15c9c080,d_e8a3e8a9f6
q_b00b42a668,d_10c30d1a6c
q_b00b42a668,d_61586847b7
q_b00b42a668,d_1bb696c3c5
q_b00b42a668,d_177212b4b9
q_b00b42a668,d_e8a3e8a9f6
q_b05c6d2289,d_10c30d1a6c
q_b05c6d2289,d_61586847b7
q_b05c6d2289,d_1bb696c3c5
q_b05c6d2289,d_177212b4b9
q_b05c6d2289,d_e8a3e8a9f6
q_b07a41dddf,d_10c30d1a6c
q_b07a41dddf,d_61586847b7
q_b07a41dddf,d_1bb696c3c5
q_b07a41dddf,d_177212b4b9
q_b07a41dddf,d_e8a3e8a9f6
q_b122797c70,d_10c30d1a6c
q_b122797c70,d_61586847b7
q_b122797c70,d_1bb696c3c5
q_b122797c70,d_177212b4b9
q_b122797c70,d_e8a3e8a9f6
q_b1976e946c,d_10c30d1a6c
q_b1976e946c,d_61586847b7
q_b1976e946c,d_1bb696c3c5
q_b1976e946c,d_177212b4b9
q_b1976e946c,d_e8a3e8a9f6
q_b1bc5e74c3,d_10c30d1a6c
q_b1bc5e74c3,d_61586847b7
q_b1bc5e74c3,d_1bb696c3c5
q_b1bc5e74c3,d_177212b4b9
q_b1bc5e74c3,d_e8a3e8a9f6
q_b1cafa0d9b,d_10c30d1a6c
q_b1cafa0d9b,d_61586847b7
q_b1cafa0d9b,d_1bb696c3c5
q_b1cafa0d9b,d_177212b4b9
q_b1cafa0d9b,d_e8a3e8a9f6
q_b1f89c69aa,d_10c30d1a6c
q_b1f89c69aa,d_61586847b7
q_b1f89c69aa,d_1bb696c3c5
q_b1f89c69aa,d_177212b4b9
q_b1f89c69aa,d_e8a3e8a9f6
q_b4b4e4f0e3,d_10c30d1a6c
q_b4b4e4f0e3,d_61586847b7
q_b4b4e4f0e3,d_1bb696c3c5
q_b4b4e4f0e3,d_177212b4b9
q_b4b4e4f0e3,d_e8a3e8a9f6
q_b57ae3f9b9,d_10c30d1a6c
q_b57ae3f9b9,d_61586847b7
q_b57ae3f9b9,d_1bb696c3c5
q_b57ae3f9b9,d_177212b4b9
q_b57ae3f9b9,d_e8a3e8a9f6
q_b91ec450fb,d_10c30d1a6c
q_b91ec450fb,d_61586847b7
q_b91ec450fb,d_1bb696c3c5
q_b91ec450fb,d_177212b4b9
q_b91ec450fb,d_e8a3e8a9f6
q_b935bfe484,d_10c30d1a6c
q_b935bfe484,d_61586847b7
q_b935bfe484,d_1bb696c3c5
q_b935bfe484,d_177212b4b9
q_b935bfe484,d_e8a3e8a9f6
q_b97c4706f5,d_10c30d1a6c
q_b97c4706f5,d_61586847b7
q_b97c4706f5,d_1bb696c3c5
q_b97c4706f5,d_177212b4b9
q_b97c4706f5,d_e8a3e8a9f6
q_ba6598bced,d_10c30d1a6c
q_ba6598bced,d_61586847b7
q_ba6598bced,d_1bb696c3c5
q_ba6598bced,d_177212b4b9
q_ba6598bced,d_e8a3e8a9f6
q_bb2bbff5d4,d_10c30d1a6c
q_bb2bbff5d4,d_61586847b7
q_bb2bbff5d4,d_1bb696c3c5
q_bb2bbff5d4,d_177212b4b9
q_bb2bbff5d4,d_e8a3e8a9f6
q_bce0cb62d1,d_10c30d1a6c
q_bce0cb62d1,d_61586847b7
q_bce0cb62d1,d_1bb696c3c5
q_bce0cb62d1,d_177212b4b9
q_bce0cb62d1,d_e8a3e8a9f6
q_bdbbb95e5b,d_10c30d1a6c
q_bdbbb95e5b,d_61586847b7
q_bdbbb95e5b,d_1bb696c3c5
q_bdbbb95e5b,d_177212b4b9
q_bdbbb95e5b,d_e8a3e8a9f6
q_c0db7a9a56,d_10c30d1a6c
q_c0db7a9a56,d_61586847b7
q_c0db7a9a56,d_1bb696c3c5
q_c0db7a9a56,d_177212b4b9
q_c0db7a9a56,d_e8a3e8a9f6
q_c2e26adc84,d_10c30d1a6c
q_c2e26adc84,d_61586847b7
q_c2e26adc84,d_1bb696c3c5
q_c2e26adc84,d_177212b4b9
q_c2e26adc84,d_e8a3e8a9f6
q_c47130d60c,d_10c30d1a6c
q_c47130d60c,d_61586847b7
q_c47130d60c,d_1bb696c3c5
q_c47130d60c,d_177212b4b9
q_c47130d60c,d_e8a3e8a9f6
q_c56fdba2fc,d_10c30d1a6c
q_c56fdba2fc,d_61586847b7
q_c56fdba2fc,d_1bb696c3c5
q_c56fdba2fc,d_177212b4b9
q_c56fdba2fc,d_e8a3e8a9f6
q_c60d23eab8,d_10c30d1a6c
q_c60d23eab8,d_61586847b7
q_c60d23eab8,d_1bb696c3c5
q_c60d23eab8,d_177212b4b9
q_c60d23eab8,d_e8a3e8a9f6
q_c629245a8c,d_10c30d1a6c
q_c629245a8c,d_61586847b7
q_c629245a8c,d_1bb696c3c5
q_c629245a8c,d_177212b4b9
q_c629245a8c,d_e8a3e8a9f6
q_c693d95d02,d_10c30d1a6c
q_c693d95d02,d_61586847b7
q_c693d95d02,d_1bb696c3c5
q_c693d95d02,d_177212b4b9
q_c693d95d02,d_e8a3e8a9f6
q_c6c881afd3,d_10c30d1a6c
q_c6c881afd3,d_61586847b7
q_c6c881afd3,d_1bb696c3c5
q_c6c881afd3,d_177212b4b9
q_c6c881afd3,d_e8a3e8a9f6
q_c742196f19,d_10c30d1a6c
q_c742196f19,d_61586847b7
q_c742196f19,d_1bb696c3c5
q_c742196f19,d_177212b4b9
q_c742196f19,d_e8a3e8a9f6
q_c7748fe5a3,d_10c30d1a6c
q_c7748fe5a3,d_61586847b7
q_c7748fe5a3,d_1bb696c3c5
q_c7748fe5a3,d_177212b4b9
q_c7748fe5a3,d_e8a3e8a9f6
q_c7a2a46e5f,d_10c30d1a6c
q_c7a2a46e5f,d_61586847b7
q_c7a2a46e5f,d_1bb696c3c5
q_c7a2a46e5f,d_177212b4b9
q_c7a2a46e5f,d_e8a3e8a9f6
q_c83eb1a3c6,d_10c30d1a6c
q_c83eb1a3c6,d_61586847b7
q_c83eb1a3c6,d_1bb696c3c5
q_c83eb1a3c6,d_177212b4b9
q_c83eb1a3c6,d_e8a3e8a9f6
q_cb56bb82ba,d_10c30d1a6c
q_cb56bb82ba,d_61586847b7
q_cb56bb82ba,d_1bb696c3c5
q_cb56bb82ba,d_177212b4b9
q_cb56bb82ba,d_e8a3e8a9f6
q_cb82822dbb,d_10c30d1a6c
q_cb82822dbb,d_61586847b7
q_cb82822dbb,d_1bb696c3c5
q_cb82822dbb,d_177212b4b9
q_cb82822dbb,d_e8a3e8a9f6
q_cba513ed13,d_10c30d1a6c
q_cba513ed13,d_61586847b7
q_cba513ed13,d_1bb696c3c5
q_cba513ed13,d_177212b4b9
q_cba513ed13,d_e8a3e8a9f6
q_cc8821d9ad,d_10c30d1a6c
q_cc8821d9ad,d_61586847b7
q_cc8821d9ad,d_1bb696c3c5
q_cc8821d9ad,d_177212b4b9
q_cc8821d9ad,d_e8a3e8a9f6
q_cd2a9738ff,d_10c30d1a6c
q_cd2a9738ff,d_61586847b7
q_cd2a9738ff,d_1bb696c3c5
q_cd2a9738ff,d_177212b4b9
q_cd2a9738ff,d_e8a3e8a9f6
q_ce520cb7fb,d_10c30d1a6c
q_ce520cb7fb,d_61586847b7
q_ce520cb7fb,d_1bb696c3c5
q_ce520cb7fb,d_177212b4b9
q_ce520cb7fb,d_e8a3e8a9f6
q_d0b721ce1f,d_10c30d1a6c
q_d0b721ce1f,d_61586847b7
q_d0b721ce1f,d_1bb696c3c5
q_d0b721ce1f,d_177212b4b9
q_d0b721ce1f,d_e8a3e8a9f6
q_d1fb8ed038,d_10c30d1a6c
q_d1fb8ed038,d_61586847b7
q_d1fb8ed038,d_1bb696c3c5
q_d1fb8ed038,d_177212b4b9
q_d1fb8ed038,d_e8a3e8a9f6
q_d21eee7466,d_10c30d1a6c
q_d21eee7466,d_61586847b7
q_d21eee7466,d_1bb696c3c5
q_d21eee7466,d_177212b4b9
q_d21eee7466,d_e8a3e8a9f6
q_d24a86a08c,d_10c30d1a6c
q_d24a86a08c,d_61586847b7
q_d24a86a08c,d_1bb696c3c5
q_d24a86a08c,d_177212b4b9
q_d24a86a08c,d_e8a3e8a9f6
q_d270940960,d_10c30d1a6c
q_d270940960,d_61586847b7
q_d270940960,d_1bb696c3c5
q_d270940960,d_177212b4b9
q_d270940960,d_e8a3e8a9f6
q_d2728921e0,d_10c30d1a6c
q_d2728921e0,d_61586847b7
q_d2728921e0,d_1bb696c3c5
q_d2728921e0,d_177212b4b9
q_d2728921e0,d_e8a3e8a9f6
q_d33a11cbc5,d_10c30d1a6c
q_d33a11cbc5,d_61586847b7
q_d33a11cbc5,d_1bb696c3c5
q_d33a11cbc5,d_177212b4b9
q_d33a11cbc5,d_e8a3e8a9f6
q_d3c226b054,d_10c30d1a6c
q_d3c226b054,d_61586847b7
q_d3c226b054,d_1bb696c3c5
q_d3c226b054,d_177212b4b9
q_d3c226b054,d_e8a3e8a9f6
q_d3f14d5200,d_10c30d1a6c
q_d3f14d5200,d_61586847b7
q_d3f14d5200,d_1bb696c3c5
q_d3f14d5200,d_177212b4b9
q_d3f14d5200,d_e8a3e8a9f6
q_d41481e3c0,d_10c30d1a6c
q_d41481e3c0,d_61586847b7
q_d41481e3c0,d_1bb696c3c5
q_d41481e3c0,d_177212b4b9
q_d41481e3c0,d_e8a3e8a9f6
q_d5908d4962,d_10c30d1a6c
q_d5908d4962,d_61586847b7
q_d5908d4962,d_1bb696c3c5
q_d5908d4962,d_177212b4b9
q_d5908d4962,d_e8a3e8a9f6
q_d70cf33278,d_10c30d1a6c
q_d70cf33278,d_61586847b7
q_d70cf33278,d_1bb696c3c5
q_d70cf33278,d_177212b4b9
q_d70cf33278,d_e8a3e8a9f6
q_d72774e539,d_10c30d1a6c
q_d72774e539,d_61586847b7
q_d72774e539,d_1bb696c3c5
q_d72774e539,d_177212b4b9
q_d72774e539,d_e8a3e8a9f6
q_d770567662,d_10c30d1a6c
q_d770567662,d_61586847b7
q_d770567662,d_1bb696c3c5
q_d770567662,d_177212b4b9
q_d770567662,d_e8a3e8a9f6
q_d8b3720f43,d_10c30d1a6c
q_d8b3720f43,d_61586847b7
q_d8b3720f43,d_1bb696c3c5
q_d8b3720f43,d_177212b4b9
q_d8b3720f43,d_e8a3e8a9f6
q_d94b3a29c4,d_10c30d1a6c
q_d94b3a29c4,d_61586847b7
q_d94b3a29c4,d_1bb696c3c5
q_d94b3a29c4,d_177212b4b9
q_d94b3a29c4,d_e8a3e8a9f6
q_d99da5b254,d_10c30d1a6c
q_d99da5b254,d_61586847b7
q_d99da5b254,d_1bb696c3c5
q_d99da5b254,d_177212b4b9
q_d99da5b254,d_e8a3e8a9f6
q_d9dcc68354,d_10c30d1a6c
q_d9dcc68354,d_61586847b7
q_d9dcc68354,d_1bb696c3c5
q_d9dcc68354,d_177212b4b9
q_d9dcc68354,d_e8a3e8a9f6
q_dad8e3b898,d_10c30d1a6c
q_dad8e3b898,d_61586847b7
q_dad8e3b898,d_1bb696c3c5
q_dad8e3b898,d_177212b4b9
q_dad8e3b898,d_e8a3e8a9f6
q_db2ba85f6e,d_10c30d1a6c
q_db2ba85f6e,d_61586847b7
q_db2ba85f6e,d_1bb696c3c5
q_db2ba85f6e,d_177212b4b9
q_db2ba85f6e,d_e8a3e8a9f6
q_db40577851,d_10c30d1a6c
q_db40577851,d_61586847b7
q_db40577851,d_1bb696c3c5
q_db40577851,d_177212b4b9
q_db40577851,d_e8a3e8a9f6
q_db90d2e4a7,d_10c30d1a6c
q_db90d2e4a7,d_61586847b7
q_db90d2e4a7,d_1bb696c3c5
q_db90d2e4a7,d_177212b4b9
q_db90d2e4a7,d_e8a3e8a9f6
q_dc3f618035,d_10c30d1a6c
q_dc3f618035,d_61586847b7
q_dc3f618035,d_1bb696c3c5
q_dc3f618035,d_177212b4b9
q_dc3f618035,d_e8a3e8a9f6
q_dc727075fb,d_10c30d1a6c
q_dc727075fb,d_61586847b7
q_dc727075fb,d_1bb696c3c5
q_dc727075fb,d_177212b4b9
q_dc727075fb,d_e8a3e8a9f6
q_dde195b1d6,d_10c30d1a6c
q_dde195b1d6,d_61586847b7
q_dde195b1d6,d_1bb696c3c5
q_dde195b1d6,d_177212b4b9
q_dde195b1d6,d_e8a3e8a9f6
q_ddf07be7f1,d_10c30d1a6c
q_ddf07be7f1,d_61586847b7
q_ddf07be7f1,d_1bb696c3c5
q_ddf07be7f1,d_177212b4b9
q_ddf07be7f1,d_e8a3e8a9f6
q_df9d12f169,d_10c30d1a6c
q_df9d12f169,d_61586847b7
q_df9d12f169,d_1bb696c3c5
q_df9d12f169,d_177212b4b9
q_df9d12f169,d_e8a3e8a9f6
q_e120dec89d,d_10c30d1a6c
q_e120dec89d,d_61586847b7
q_e120dec89d,d_1bb696c3c5
q_e120dec89d,d_177212b4b9
q_e120dec89d,d_e8a3e8a9f6
q_e1eef1e6ff,d_10c30d1a6c
q_e1eef1e6ff,d_61586847b7
q_e1eef1e6ff,d_1bb696c3c5
q_e1eef1e6ff,d_177212b4b9
q_e1eef1e6ff,d_e8a3e8a9f6
q_e226438cc2,d_10c30d1a6c
q_e226438cc2,d_61586847b7
q_e226438cc2,d_1bb696c3c5
q_e226438cc2,d_177212b4b9
q_e226438cc2,d_e8a3e8a9f6
q_e24279f61e,d_10c30d1a6c
q_e24279f61e,d_61586847b7
q_e24279f61e,d_1bb696c3c5
q_e24279f61e,d_177212b4b9
q_e24279f61e,d_e8a3e8a9f6
q_e26122b15f,d_10c30d1a6c
q_e26122b15f,d_61586847b7
q_e26122b15f,d_1bb696c3c5
q_e26122b15f,d_177212b4b9
q_e26122b15f,d_e8a3e8a9f6
q_e347d40673,d_10c30d1a6c
q_e347d40673,d_61586847b7
q_e347d40673,d_1bb696c3c5
q_e347d40673,d_177212b4b9
q_e347d40673,d_e8a3e8a9f6
q_e3b3b5b950,d_10c30d1a6c
q_e3b3b5b950,d_61586847b7
q_e3b3b5b950,d_1bb696c3c5
q_e3b3b5b950,d_177212b4b9
q_e3b3b5b950,d_e8a3e8a9f6
q_e4b15d0b61,d_10c30d1a6c
q_e4b15d0b61,d_61586847b7
q_e4b15d0b61,d_1bb696c3c5
q_e4b15d0b61,d_177212b4b9
q_e4b15d0b61,d_e8a3e8a9f6
q_e7686b6a10,d_10c30d1a6c
q_e7686b6a10,d_61586847b7
q_e7686b6a10,d_1bb696c3c5
q_e7686b6a10,d_177212b4b9
q_e7686b6a10,d_e8a3e8a9f6
q_e81733335b,d_10c30d1a6c
q_e81733335b,d_61586847b7
q_e81733335b,d_1bb696c3c5
q_e81733335b,d_177212b4b9
q_e81733335b,d_e8a3e8a9f6
q_e88f2e7044,d_10c30d1a6c
q_e88f2e7044,d_61586847b7
q_e88f2e7044,d_1bb696c3c5
q_e88f2e7044,d_177212b4b9
q_e88f2e7044,d_e8a3e8a9f6
q_e97fa42d53,d_10c30d1a6c
q_e97fa42d53,d_61586847b7
q_e97fa42d53,d_1bb696c3c5
q_e97fa42d53,d_177212b4b9
q_e97fa42d53,d_e8a3e8a9f6
q_e9a3e92d94,d_10c30d1a6c
q_e9a3e92d94,d_61586847b7
q_e9a3e92d94,d_1bb696c3c5
q_e9a3e92d94,d_177212b4b9
q_e9a3e92d94,d_e8a3e8a9f6
q_e9f0248a21,d_10c30d1a6c
q_e9f0248a21,d_61586847b7
q_e9f0248a21,d_1bb696c3c5
q_e9f0248a21,d_177212b4b9
q_e9f0248a21,d_e8a3e8a9f6
q_ebfa8f8fe0,d_10c30d1a6c
q_ebfa8f8fe0,d_61586847b7
q_ebfa8f8fe0,d_1bb696c3c5
q_ebfa8f8fe0,d_177212b4b9
q_ebfa8f8fe0,d_e8a3e8a9f6
q_eda0054641,d_10c30d1a6c
q_eda0054641,d_61586847b7
q_eda0054641,d_1bb696c3c5
q_eda0054641,d_177212b4b9
q_eda0054641,d_e8a3e8a9f6
q_edfaffc32f,d_10c30d1a6c
q_edfaffc32f,d_61586847b7
q_edfaffc32f,d_1bb696c3c5
q_edfaffc32f,d_177212b4b9
q_edfaffc32f,d_e8a3e8a9f6
q_ee62376190,d_10c30d1a6c
q_ee62376190,d_61586847b7
q_ee62376190,d_1bb696c3c5
q_ee62376190,d_177212b4b9
q_ee62376190,d_e8a3e8a9f6
q_eeae449be5,d_10c30d1a6c
q_eeae449be5,d_61586847b7
q_eeae449be5,d_1bb696c3c5
q_eeae449be5,d_177212b4b9
q_eeae449be5,d_e8a3e8a9f6
q_ef6c1aafcb,d_10c30d1a6c
q_ef6c1aafcb,d_61586847b7
q_ef6c1aafcb,d_1bb696c3c5
q_ef6c1aafcb,d_177212b4b9
q_ef6c1aafcb,d_e8a3e8a9f6
q_ef724b3bb4,d_10c30d1a6c
q_ef724b3bb4,d_61586847b7
q_ef724b3bb4,d_1bb696c3c5
q_ef724b3bb4,d_177212b4b9
q_ef724b3bb4,d_e8a3e8a9f6
q_f099bdb15d,d_10c30d1a6c
q_f099bdb15d,d_61586847b7
q_f099bdb15d,d_1bb696c3c5
q_f099bdb15d,d_177212b4b9
q_f099bdb15d,d_e8a3e8a9f6
q_f0e44a3fd3,d_10c30d1a6c
q_f0e44a3fd3,d_61586847b7
q_f0e44a3fd3,d_1bb696c3c5
q_f0e44a3fd3,d_177212b4b9
q_f0e44a3fd3,d_e8a3e8a9f6
q_f24f305830,d_10c30d1a6c
q_f24f305830,d_61586847b7
q_f24f305830,d_1bb696c3c5
q_f24f305830,d_177212b4b9
q_f24f305830,d_e8a3e8a9f6
q_f25a345668,d_10c30d1a6c
q_f25a345668,d_61586847b7
q_f25a345668,d_1bb696c3c5
q_f25a345668,d_177212b4b9
q_f25a345668,d_e8a3e8a9f6
q_f27abe47f2,d_10c30d1a6c
q_f27abe47f2,d_61586847b7
q_f27abe47f2,d_1bb696c3c5
q_f27abe47f2,d_177212b4b9
q_f27abe47f2,d_e8a3e8a9f6
q_f28708d937,d_10c30d1a6c
q_f28708d937,d_61586847b7
q_f28708d937,d_1bb696c3c5
q_f28708d937,d_177212b4b9
q_f28708d937,d_e8a3e8a9f6
q_f2a6816ed9,d_10c30d1a6c
q_f2a6816ed9,d_61586847b7
q_f2a6816ed9,d_1bb696c3c5
q_f2a6816ed9,d_177212b4b9
q_f2a6816ed9,d_e8a3e8a9f6
q_f3225b975b,d_10c30d1a6c
q_f3225b975b,d_61586847b7
q_f3225b975b,d_1bb696c3c5
q_f3225b975b,d_177212b4b9
q_f3225b975b,d_e8a3e8a9f6
q_f341839319,d_10c30d1a6c
q_f341839319,d_61586847b7
q_f341839319,d_1bb696c3c5
q_f341839319,d_177212b4b9
q_f341839319,d_e8a3e8a9f6
q_f3888c6449,d_10c30d1a6c
q_f3888c6449,d_61586847b7
q_f3888c6449,d_1bb696c3c5
q_f3888c6449,d_177212b4b9
q_f3888c6449,d_e8a3e8a9f6
q_f3a9507c36,d_10c30d1a6c
q_f3a9507c36,d_61586847b7
q_f3a9507c36,d_1bb696c3c5
q_f3a9507c36,d_177212b4b9
q_f3a9507c36,d_e8a3e8a9f6
q_f66b307d04,d_10c30d1a6c
q_f66b307d04,d_61586847b7
q_f66b307d04,d_1bb696c3c5
q_f66b307d04,d_177212b4b9
q_f66b307d04,d_e8a3e8a9f6
q_f6e34252d3,d_10c30d1a6c
q_f6e34252d3,d_61586847b7
q_f6e34252d3,d_1bb696c3c5
q_f6e34252d3,d_177212b4b9
q_f6e34252d3,d_e8a3e8a9f6
q_f7e4569ac9,d_10c30d1a6c
q_f7e4569ac9,d_61586847b7
q_f7e4569ac9,d_1bb696c3c5
q_f7e4569ac9,d_177212b4b9
q_f7e4569ac9,d_e8a3e8a9f6
q_f97b13bc98,d_10c30d1a6c
q_f97b13bc98,d_61586847b7
q_f97b13bc98,d_1bb696c3c5
q_f97b13bc98,d_177212b4b9
q_f97b13bc98,d_e8a3e8a9f6
q_fa578be6b9,d_10c30d1a6c
q_fa578be6b9,d_61586847b7
q_fa578be6b9,d_1bb696c3c5
q_fa578be6b9,d_177212b4b9
q_fa578be6b9,d_e8a3e8a9f6
q_fa8af0f99d,d_10c30d1a6c
q_fa8af0f99d,d_61586847b7
q_fa8af0f99d,d_1bb696c3c5
q_fa8af0f99d,d_177212b4b9
q_fa8af0f99d,d_e8a3e8a9f6
q_fb8abb8580,d_10c30d1a6c
q_fb8abb8580,d_61586847b7
q_fb8abb8580,d_1bb696c3c5
q_fb8abb8580,d_177212b4b9
q_fb8abb8580,d_e8a3e8a9f6
q_fb96af8603,d_10c30d1a6c
q_fb96af8603,d_61586847b7
q_fb96af8603,d_1bb696c3c5
q_fb96af8603,d_177212b4b9
q_fb96af8603,d_e8a3e8a9f6
q_fd17e9f753,d_10c30d1a6c
q_fd17e9f753,d_61586847b7
q_fd17e9f753,d_1bb696c3c5
q_fd17e9f753,d_177212b4b9
q_fd17e9f753,d_e8a3e8a9f6
q_fd2479882f,d_10c30d1a6c
q_fd2479882f,d_61586847b7
q_fd2479882f,d_1bb696c3c5
q_fd2479882f,d_177212b4b9
q_fd2479882f,d_e8a3e8a9f6
q_fd869f823d,d_10c30d1a6c
q_fd869f823d,d_61586847b7
q_fd869f823d,d_1bb696c3c5
q_fd869f823d,d_177212b4b9
q_fd869f823d,d_e8a3e8a9f6
q_fda470745d,d_10c30d1a6c
q_fda470745d,d_61586847b7
q_fda470745d,d_1bb696c3c5
q_fda470745d,d_177212b4b9
q_fda470745d,d_e8a3e8a9f6
q_ff49caa8a1,d_10c30d1a6c
q_ff49caa8a1,d_61586847b7
q_ff49caa8a1,d_1bb696c3c5
q_ff49caa8a1,d_177212b4b9
q_ff49caa8a1,d_e8a3e8a9f6
q_ffb8f8c348,d_10c30d1a6c
q_ffb8f8c348,d_61586847b7
q_ffb8f8c348,d_1bb696c3c5
q_ffb8f8c348,d_177212b4b9
q_ffb8f8c348,d_e8a3e8a9f6
